Number of Records;Base Experience;Height;Id;Identifier;Is Default;Local Language Id;Name;Order;Pokemon Id;Slot;Species Id;Type Id (Type Names.Csv);Type Id;Weight
1;64;7;1;bulbasaur;1;9;Grass;1;1;1;1;12;12;69
1;142;10;2;ivysaur;1;9;Grass;2;2;1;2;12;12;130
1;236;20;3;venusaur;1;9;Grass;3;3;1;3;12;12;1000
1;62;6;4;charmander;1;9;Fire;5;4;1;4;10;10;85
1;142;11;5;charmeleon;1;9;Fire;6;5;1;5;10;10;190
1;240;17;6;charizard;1;9;Fire;7;6;1;6;10;10;905
1;63;5;7;squirtle;1;9;Water;10;7;1;7;11;11;90
1;142;10;8;wartortle;1;9;Water;11;8;1;8;11;11;225
1;239;16;9;blastoise;1;9;Water;12;9;1;9;11;11;855
1;39;3;10;caterpie;1;9;Bug;14;10;1;10;7;7;29
1;72;7;11;metapod;1;9;Bug;15;11;1;11;7;7;99
1;178;11;12;butterfree;1;9;Bug;16;12;1;12;7;7;320
1;39;3;13;weedle;1;9;Bug;17;13;1;13;7;7;32
1;72;6;14;kakuna;1;9;Bug;18;14;1;14;7;7;100
1;178;10;15;beedrill;1;9;Bug;19;15;1;15;7;7;295
1;50;3;16;pidgey;1;9;Normal;21;16;1;16;1;1;18
1;122;11;17;pidgeotto;1;9;Normal;22;17;1;17;1;1;300
1;216;15;18;pidgeot;1;9;Normal;23;18;1;18;1;1;395
1;51;3;19;rattata;1;9;Normal;25;19;1;19;1;1;35
1;145;7;20;raticate;1;9;Normal;27;20;1;20;1;1;185
1;52;3;21;spearow;1;9;Normal;30;21;1;21;1;1;20
1;155;12;22;fearow;1;9;Normal;31;22;1;22;1;1;380
1;58;20;23;ekans;1;9;Poison;32;23;1;23;4;4;69
1;157;35;24;arbok;1;9;Poison;33;24;1;24;4;4;650
1;112;4;25;pikachu;1;9;Electric;35;25;1;25;13;13;60
1;218;8;26;raichu;1;9;Electric;42;26;1;26;13;13;300
1;60;6;27;sandshrew;1;9;Ground;44;27;1;27;5;5;120
1;158;10;28;sandslash;1;9;Ground;46;28;1;28;5;5;295
1;55;4;29;nidoran-f;1;9;Poison;48;29;1;29;4;4;70
1;128;8;30;nidorina;1;9;Poison;49;30;1;30;4;4;200
1;227;13;31;nidoqueen;1;9;Poison;50;31;1;31;4;4;600
1;55;5;32;nidoran-m;1;9;Poison;51;32;1;32;4;4;90
1;128;9;33;nidorino;1;9;Poison;52;33;1;33;4;4;195
1;227;14;34;nidoking;1;9;Poison;53;34;1;34;4;4;620
1;113;6;35;clefairy;1;9;Fairy;55;35;1;35;18;18;75
1;217;13;36;clefable;1;9;Fairy;56;36;1;36;18;18;400
1;60;6;37;vulpix;1;9;Fire;57;37;1;37;10;10;99
1;177;11;38;ninetales;1;9;Fire;59;38;1;38;10;10;199
1;95;5;39;jigglypuff;1;9;Normal;62;39;1;39;1;1;55
1;196;10;40;wigglytuff;1;9;Normal;63;40;1;40;1;1;120
1;49;8;41;zubat;1;9;Poison;64;41;1;41;4;4;75
1;159;16;42;golbat;1;9;Poison;65;42;1;42;4;4;550
1;64;5;43;oddish;1;9;Grass;67;43;1;43;12;12;54
1;138;8;44;gloom;1;9;Grass;68;44;1;44;12;12;86
1;221;12;45;vileplume;1;9;Grass;69;45;1;45;12;12;186
1;57;3;46;paras;1;9;Bug;71;46;1;46;7;7;54
1;142;10;47;parasect;1;9;Bug;72;47;1;47;7;7;295
1;61;10;48;venonat;1;9;Bug;73;48;1;48;7;7;300
1;158;15;49;venomoth;1;9;Bug;74;49;1;49;7;7;125
1;53;2;50;diglett;1;9;Ground;75;50;1;50;5;5;8
1;149;7;51;dugtrio;1;9;Ground;77;51;1;51;5;5;333
1;58;4;52;meowth;1;9;Normal;79;52;1;52;1;1;42
1;154;10;53;persian;1;9;Normal;81;53;1;53;1;1;320
1;64;8;54;psyduck;1;9;Water;83;54;1;54;11;11;196
1;175;17;55;golduck;1;9;Water;84;55;1;55;11;11;766
1;61;5;56;mankey;1;9;Fighting;85;56;1;56;2;2;280
1;159;10;57;primeape;1;9;Fighting;86;57;1;57;2;2;320
1;70;7;58;growlithe;1;9;Fire;87;58;1;58;10;10;190
1;194;19;59;arcanine;1;9;Fire;88;59;1;59;10;10;1550
1;60;6;60;poliwag;1;9;Water;89;60;1;60;11;11;124
1;135;10;61;poliwhirl;1;9;Water;90;61;1;61;11;11;200
1;230;13;62;poliwrath;1;9;Water;91;62;1;62;11;11;540
1;62;9;63;abra;1;9;Psychic;93;63;1;63;14;14;195
1;140;13;64;kadabra;1;9;Psychic;94;64;1;64;14;14;565
1;225;15;65;alakazam;1;9;Psychic;95;65;1;65;14;14;480
1;61;8;66;machop;1;9;Fighting;97;66;1;66;2;2;195
1;142;15;67;machoke;1;9;Fighting;98;67;1;67;2;2;705
1;227;16;68;machamp;1;9;Fighting;99;68;1;68;2;2;1300
1;60;7;69;bellsprout;1;9;Grass;100;69;1;69;12;12;40
1;137;10;70;weepinbell;1;9;Grass;101;70;1;70;12;12;64
1;221;17;71;victreebel;1;9;Grass;102;71;1;71;12;12;155
1;67;9;72;tentacool;1;9;Water;103;72;1;72;11;11;455
1;180;16;73;tentacruel;1;9;Water;104;73;1;73;11;11;550
1;60;4;74;geodude;1;9;Rock;105;74;1;74;6;6;200
1;137;10;75;graveler;1;9;Rock;107;75;1;75;6;6;1050
1;223;14;76;golem;1;9;Rock;109;76;1;76;6;6;3000
1;82;10;77;ponyta;1;9;Fire;111;77;1;77;10;10;300
1;175;17;78;rapidash;1;9;Fire;112;78;1;78;10;10;950
1;63;12;79;slowpoke;1;9;Water;113;79;1;79;11;11;360
1;172;16;80;slowbro;1;9;Water;114;80;1;80;11;11;785
1;65;3;81;magnemite;1;9;Electric;117;81;1;81;13;13;60
1;163;10;82;magneton;1;9;Electric;118;82;1;82;13;13;600
1;132;8;83;farfetchd;1;9;Normal;120;83;1;83;1;1;150
1;62;14;84;doduo;1;9;Normal;121;84;1;84;1;1;392
1;165;18;85;dodrio;1;9;Normal;122;85;1;85;1;1;852
1;65;11;86;seel;1;9;Water;123;86;1;86;11;11;900
1;166;17;87;dewgong;1;9;Water;124;87;1;87;11;11;1200
1;65;9;88;grimer;1;9;Poison;125;88;1;88;4;4;300
1;175;12;89;muk;1;9;Poison;127;89;1;89;4;4;300
1;61;3;90;shellder;1;9;Water;129;90;1;90;11;11;40
1;184;15;91;cloyster;1;9;Water;130;91;1;91;11;11;1325
1;62;13;92;gastly;1;9;Ghost;131;92;1;92;8;8;1
1;142;16;93;haunter;1;9;Ghost;132;93;1;93;8;8;1
1;225;15;94;gengar;1;9;Ghost;133;94;1;94;8;8;405
1;77;88;95;onix;1;9;Rock;135;95;1;95;6;6;2100
1;66;10;96;drowzee;1;9;Psychic;138;96;1;96;14;14;324
1;169;16;97;hypno;1;9;Psychic;139;97;1;97;14;14;756
1;65;4;98;krabby;1;9;Water;140;98;1;98;11;11;65
1;166;13;99;kingler;1;9;Water;141;99;1;99;11;11;600
1;66;5;100;voltorb;1;9;Electric;142;100;1;100;13;13;104
1;172;12;101;electrode;1;9;Electric;143;101;1;101;13;13;666
1;65;4;102;exeggcute;1;9;Grass;144;102;1;102;12;12;25
1;186;20;103;exeggutor;1;9;Grass;145;103;1;103;12;12;1200
1;64;4;104;cubone;1;9;Ground;147;104;1;104;5;5;65
1;149;10;105;marowak;1;9;Ground;148;105;1;105;5;5;450
1;159;15;106;hitmonlee;1;9;Fighting;151;106;1;106;2;2;498
1;159;14;107;hitmonchan;1;9;Fighting;152;107;1;107;2;2;502
1;77;12;108;lickitung;1;9;Normal;154;108;1;108;1;1;655
1;68;6;109;koffing;1;9;Poison;156;109;1;109;4;4;10
1;172;12;110;weezing;1;9;Poison;157;110;1;110;4;4;95
1;69;10;111;rhyhorn;1;9;Ground;158;111;1;111;5;5;1150
1;170;19;112;rhydon;1;9;Ground;159;112;1;112;5;5;1200
1;395;11;113;chansey;1;9;Normal;162;113;1;113;1;1;346
1;87;10;114;tangela;1;9;Grass;164;114;1;114;12;12;350
1;172;22;115;kangaskhan;1;9;Normal;166;115;1;115;1;1;800
1;59;4;116;horsea;1;9;Water;168;116;1;116;11;11;80
1;154;12;117;seadra;1;9;Water;169;117;1;117;11;11;250
1;64;6;118;goldeen;1;9;Water;171;118;1;118;11;11;150
1;158;13;119;seaking;1;9;Water;172;119;1;119;11;11;390
1;68;8;120;staryu;1;9;Water;173;120;1;120;11;11;345
1;182;11;121;starmie;1;9;Water;174;121;1;121;11;11;800
1;161;13;122;mr-mime;1;9;Psychic;176;122;1;122;14;14;545
1;100;15;123;scyther;1;9;Bug;177;123;1;123;7;7;560
1;159;14;124;jynx;1;9;Ice;181;124;1;124;15;15;406
1;172;11;125;electabuzz;1;9;Electric;183;125;1;125;13;13;300
1;173;13;126;magmar;1;9;Fire;186;126;1;126;10;10;445
1;175;15;127;pinsir;1;9;Bug;188;127;1;127;7;7;550
1;172;14;128;tauros;1;9;Normal;190;128;1;128;1;1;884
1;40;9;129;magikarp;1;9;Water;191;129;1;129;11;11;100
1;189;65;130;gyarados;1;9;Water;192;130;1;130;11;11;2350
1;187;25;131;lapras;1;9;Water;194;131;1;131;11;11;2200
1;101;3;132;ditto;1;9;Normal;195;132;1;132;1;1;40
1;65;3;133;eevee;1;9;Normal;196;133;1;133;1;1;65
1;184;10;134;vaporeon;1;9;Water;197;134;1;134;11;11;290
1;184;8;135;jolteon;1;9;Electric;198;135;1;135;13;13;245
1;184;9;136;flareon;1;9;Fire;199;136;1;136;10;10;250
1;79;8;137;porygon;1;9;Normal;205;137;1;137;1;1;365
1;71;4;138;omanyte;1;9;Rock;208;138;1;138;6;6;75
1;173;10;139;omastar;1;9;Rock;209;139;1;139;6;6;350
1;71;5;140;kabuto;1;9;Rock;210;140;1;140;6;6;115
1;173;13;141;kabutops;1;9;Rock;211;141;1;141;6;6;405
1;180;18;142;aerodactyl;1;9;Rock;212;142;1;142;6;6;590
1;189;21;143;snorlax;1;9;Normal;215;143;1;143;1;1;4600
1;261;17;144;articuno;1;9;Ice;216;144;1;144;15;15;554
1;261;16;145;zapdos;1;9;Electric;217;145;1;145;13;13;526
1;261;20;146;moltres;1;9;Fire;218;146;1;146;10;10;600
1;60;18;147;dratini;1;9;Dragon;219;147;1;147;16;16;33
1;147;40;148;dragonair;1;9;Dragon;220;148;1;148;16;16;165
1;270;22;149;dragonite;1;9;Dragon;221;149;1;149;16;16;2100
1;306;20;150;mewtwo;1;9;Psychic;222;150;1;150;14;14;1220
1;270;4;151;mew;1;9;Psychic;225;151;1;151;14;14;40
1;64;9;152;chikorita;1;9;Grass;226;152;1;152;12;12;64
1;142;12;153;bayleef;1;9;Grass;227;153;1;153;12;12;158
1;236;18;154;meganium;1;9;Grass;228;154;1;154;12;12;1005
1;62;5;155;cyndaquil;1;9;Fire;229;155;1;155;10;10;79
1;142;9;156;quilava;1;9;Fire;230;156;1;156;10;10;190
1;240;17;157;typhlosion;1;9;Fire;231;157;1;157;10;10;795
1;63;6;158;totodile;1;9;Water;232;158;1;158;11;11;95
1;142;11;159;croconaw;1;9;Water;233;159;1;159;11;11;250
1;239;23;160;feraligatr;1;9;Water;234;160;1;160;11;11;888
1;43;8;161;sentret;1;9;Normal;235;161;1;161;1;1;60
1;145;18;162;furret;1;9;Normal;236;162;1;162;1;1;325
1;52;7;163;hoothoot;1;9;Normal;237;163;1;163;1;1;212
1;158;16;164;noctowl;1;9;Normal;238;164;1;164;1;1;408
1;53;10;165;ledyba;1;9;Bug;239;165;1;165;7;7;108
1;137;14;166;ledian;1;9;Bug;240;166;1;166;7;7;356
1;50;5;167;spinarak;1;9;Bug;241;167;1;167;7;7;85
1;140;11;168;ariados;1;9;Bug;242;168;1;168;7;7;335
1;241;18;169;crobat;1;9;Poison;66;169;1;169;4;4;750
1;66;5;170;chinchou;1;9;Water;243;170;1;170;11;11;120
1;161;12;171;lanturn;1;9;Water;244;171;1;171;11;11;225
1;41;3;172;pichu;1;9;Electric;34;172;1;172;13;13;20
1;44;3;173;cleffa;1;9;Fairy;54;173;1;173;18;18;30
1;42;3;174;igglybuff;1;9;Normal;61;174;1;174;1;1;10
1;49;3;175;togepi;1;9;Fairy;245;175;1;175;18;18;15
1;142;6;176;togetic;1;9;Fairy;246;176;1;176;18;18;32
1;64;2;177;natu;1;9;Psychic;248;177;1;177;14;14;20
1;165;15;178;xatu;1;9;Psychic;249;178;1;178;14;14;150
1;56;6;179;mareep;1;9;Electric;250;179;1;179;13;13;78
1;128;8;180;flaaffy;1;9;Electric;251;180;1;180;13;13;133
1;230;14;181;ampharos;1;9;Electric;252;181;1;181;13;13;615
1;221;4;182;bellossom;1;9;Grass;70;182;1;182;12;12;58
1;88;4;183;marill;1;9;Water;255;183;1;183;11;11;85
1;189;8;184;azumarill;1;9;Water;256;184;1;184;11;11;285
1;144;12;185;sudowoodo;1;9;Rock;258;185;1;185;6;6;380
1;225;11;186;politoed;1;9;Water;92;186;1;186;11;11;339
1;50;4;187;hoppip;1;9;Grass;259;187;1;187;12;12;5
1;119;6;188;skiploom;1;9;Grass;260;188;1;188;12;12;10
1;207;8;189;jumpluff;1;9;Grass;261;189;1;189;12;12;30
1;72;8;190;aipom;1;9;Normal;262;190;1;190;1;1;115
1;36;3;191;sunkern;1;9;Grass;264;191;1;191;12;12;18
1;149;8;192;sunflora;1;9;Grass;265;192;1;192;12;12;85
1;78;12;193;yanma;1;9;Bug;266;193;1;193;7;7;380
1;42;4;194;wooper;1;9;Water;268;194;1;194;11;11;85
1;151;14;195;quagsire;1;9;Water;269;195;1;195;11;11;750
1;184;9;196;espeon;1;9;Psychic;200;196;1;196;14;14;265
1;184;10;197;umbreon;1;9;Dark;201;197;1;197;17;17;270
1;81;5;198;murkrow;1;9;Dark;270;198;1;198;17;17;21
1;172;20;199;slowking;1;9;Water;116;199;1;199;11;11;795
1;87;7;200;misdreavus;1;9;Ghost;272;200;1;200;8;8;10
1;118;5;201;unown;1;9;Psychic;274;201;1;201;14;14;50
1;142;13;202;wobbuffet;1;9;Psychic;276;202;1;202;14;14;285
1;159;15;203;girafarig;1;9;Normal;277;203;1;203;1;1;415
1;58;6;204;pineco;1;9;Bug;278;204;1;204;7;7;72
1;163;12;205;forretress;1;9;Bug;279;205;1;205;7;7;1258
1;145;15;206;dunsparce;1;9;Normal;280;206;1;206;1;1;140
1;86;11;207;gligar;1;9;Ground;281;207;1;207;5;5;648
1;179;92;208;steelix;1;9;Steel;136;208;1;208;9;9;4000
1;60;6;209;snubbull;1;9;Fairy;283;209;1;209;18;18;78
1;158;14;210;granbull;1;9;Fairy;284;210;1;210;18;18;487
1;88;5;211;qwilfish;1;9;Water;285;211;1;211;11;11;39
1;175;18;212;scizor;1;9;Bug;178;212;1;212;7;7;1180
1;177;6;213;shuckle;1;9;Bug;286;213;1;213;7;7;205
1;175;15;214;heracross;1;9;Bug;287;214;1;214;7;7;540
1;86;9;215;sneasel;1;9;Dark;289;215;1;215;17;17;280
1;66;6;216;teddiursa;1;9;Normal;291;216;1;216;1;1;88
1;175;18;217;ursaring;1;9;Normal;292;217;1;217;1;1;1258
1;50;7;218;slugma;1;9;Fire;293;218;1;218;10;10;350
1;151;8;219;magcargo;1;9;Fire;294;219;1;219;10;10;550
1;50;4;220;swinub;1;9;Ice;295;220;1;220;15;15;65
1;158;11;221;piloswine;1;9;Ice;296;221;1;221;15;15;558
1;144;6;222;corsola;1;9;Water;298;222;1;222;11;11;50
1;60;6;223;remoraid;1;9;Water;299;223;1;223;11;11;120
1;168;9;224;octillery;1;9;Water;300;224;1;224;11;11;285
1;116;9;225;delibird;1;9;Ice;301;225;1;225;15;15;160
1;170;21;226;mantine;1;9;Water;303;226;1;226;11;11;2200
1;163;17;227;skarmory;1;9;Steel;304;227;1;227;9;9;505
1;66;6;228;houndour;1;9;Dark;305;228;1;228;17;17;108
1;175;14;229;houndoom;1;9;Dark;306;229;1;229;17;17;350
1;243;18;230;kingdra;1;9;Water;170;230;1;230;11;11;1520
1;66;5;231;phanpy;1;9;Ground;308;231;1;231;5;5;335
1;175;11;232;donphan;1;9;Ground;309;232;1;232;5;5;1200
1;180;6;233;porygon2;1;9;Normal;206;233;1;233;1;1;325
1;163;14;234;stantler;1;9;Normal;310;234;1;234;1;1;712
1;88;12;235;smeargle;1;9;Normal;311;235;1;235;1;1;580
1;42;7;236;tyrogue;1;9;Fighting;150;236;1;236;2;2;210
1;159;14;237;hitmontop;1;9;Fighting;153;237;1;237;2;2;480
1;61;4;238;smoochum;1;9;Ice;180;238;1;238;15;15;60
1;72;6;239;elekid;1;9;Electric;182;239;1;239;13;13;235
1;73;7;240;magby;1;9;Fire;185;240;1;240;10;10;214
1;172;12;241;miltank;1;9;Normal;312;241;1;241;1;1;755
1;608;15;242;blissey;1;9;Normal;163;242;1;242;1;1;468
1;261;19;243;raikou;1;9;Electric;313;243;1;243;13;13;1780
1;261;21;244;entei;1;9;Fire;314;244;1;244;10;10;1980
1;261;20;245;suicune;1;9;Water;315;245;1;245;11;11;1870
1;60;6;246;larvitar;1;9;Rock;316;246;1;246;6;6;720
1;144;12;247;pupitar;1;9;Rock;317;247;1;247;6;6;1520
1;270;20;248;tyranitar;1;9;Rock;318;248;1;248;6;6;2020
1;306;52;249;lugia;1;9;Psychic;320;249;1;249;14;14;2160
1;306;38;250;ho-oh;1;9;Fire;321;250;1;250;10;10;1990
1;270;6;251;celebi;1;9;Psychic;322;251;1;251;14;14;50
1;62;5;252;treecko;1;9;Grass;323;252;1;252;12;12;50
1;142;9;253;grovyle;1;9;Grass;324;253;1;253;12;12;216
1;239;17;254;sceptile;1;9;Grass;325;254;1;254;12;12;522
1;62;4;255;torchic;1;9;Fire;327;255;1;255;10;10;25
1;142;9;256;combusken;1;9;Fire;328;256;1;256;10;10;195
1;239;19;257;blaziken;1;9;Fire;329;257;1;257;10;10;520
1;62;4;258;mudkip;1;9;Water;331;258;1;258;11;11;76
1;142;7;259;marshtomp;1;9;Water;332;259;1;259;11;11;280
1;241;15;260;swampert;1;9;Water;333;260;1;260;11;11;819
1;56;5;261;poochyena;1;9;Dark;335;261;1;261;17;17;136
1;147;10;262;mightyena;1;9;Dark;336;262;1;262;17;17;370
1;56;4;263;zigzagoon;1;9;Normal;337;263;1;263;1;1;175
1;147;5;264;linoone;1;9;Normal;338;264;1;264;1;1;325
1;56;3;265;wurmple;1;9;Bug;339;265;1;265;7;7;36
1;72;6;266;silcoon;1;9;Bug;340;266;1;266;7;7;100
1;178;10;267;beautifly;1;9;Bug;341;267;1;267;7;7;284
1;72;7;268;cascoon;1;9;Bug;342;268;1;268;7;7;115
1;173;12;269;dustox;1;9;Bug;343;269;1;269;7;7;316
1;44;5;270;lotad;1;9;Water;344;270;1;270;11;11;26
1;119;12;271;lombre;1;9;Water;345;271;1;271;11;11;325
1;216;15;272;ludicolo;1;9;Water;346;272;1;272;11;11;550
1;44;5;273;seedot;1;9;Grass;347;273;1;273;12;12;40
1;119;10;274;nuzleaf;1;9;Grass;348;274;1;274;12;12;280
1;216;13;275;shiftry;1;9;Grass;349;275;1;275;12;12;596
1;54;3;276;taillow;1;9;Normal;350;276;1;276;1;1;23
1;159;7;277;swellow;1;9;Normal;351;277;1;277;1;1;198
1;54;6;278;wingull;1;9;Water;352;278;1;278;11;11;95
1;154;12;279;pelipper;1;9;Water;353;279;1;279;11;11;280
1;40;4;280;ralts;1;9;Psychic;354;280;1;280;14;14;66
1;97;8;281;kirlia;1;9;Psychic;355;281;1;281;14;14;202
1;233;16;282;gardevoir;1;9;Psychic;356;282;1;282;14;14;484
1;54;5;283;surskit;1;9;Bug;360;283;1;283;7;7;17
1;159;8;284;masquerain;1;9;Bug;361;284;1;284;7;7;36
1;59;4;285;shroomish;1;9;Grass;362;285;1;285;12;12;45
1;161;12;286;breloom;1;9;Grass;363;286;1;286;12;12;392
1;56;8;287;slakoth;1;9;Normal;364;287;1;287;1;1;240
1;154;14;288;vigoroth;1;9;Normal;365;288;1;288;1;1;465
1;252;20;289;slaking;1;9;Normal;366;289;1;289;1;1;1305
1;53;5;290;nincada;1;9;Bug;367;290;1;290;7;7;55
1;160;8;291;ninjask;1;9;Bug;368;291;1;291;7;7;120
1;83;8;292;shedinja;1;9;Bug;369;292;1;292;7;7;12
1;48;6;293;whismur;1;9;Normal;370;293;1;293;1;1;163
1;126;10;294;loudred;1;9;Normal;371;294;1;294;1;1;405
1;221;15;295;exploud;1;9;Normal;372;295;1;295;1;1;840
1;47;10;296;makuhita;1;9;Fighting;373;296;1;296;2;2;864
1;166;23;297;hariyama;1;9;Fighting;374;297;1;297;2;2;2538
1;38;2;298;azurill;1;9;Normal;254;298;1;298;1;1;20
1;75;10;299;nosepass;1;9;Rock;375;299;1;299;6;6;970
1;52;6;300;skitty;1;9;Normal;377;300;1;300;1;1;110
1;140;11;301;delcatty;1;9;Normal;378;301;1;301;1;1;326
1;133;5;302;sableye;1;9;Dark;379;302;1;302;17;17;110
1;133;6;303;mawile;1;9;Steel;381;303;1;303;9;9;115
1;66;4;304;aron;1;9;Steel;383;304;1;304;9;9;600
1;151;9;305;lairon;1;9;Steel;384;305;1;305;9;9;1200
1;239;21;306;aggron;1;9;Steel;385;306;1;306;9;9;3600
1;56;6;307;meditite;1;9;Fighting;387;307;1;307;2;2;112
1;144;13;308;medicham;1;9;Fighting;388;308;1;308;2;2;315
1;59;6;309;electrike;1;9;Electric;390;309;1;309;13;13;152
1;166;15;310;manectric;1;9;Electric;391;310;1;310;13;13;402
1;142;4;311;plusle;1;9;Electric;393;311;1;311;13;13;42
1;142;4;312;minun;1;9;Electric;394;312;1;312;13;13;42
1;151;7;313;volbeat;1;9;Bug;395;313;1;313;7;7;177
1;151;6;314;illumise;1;9;Bug;396;314;1;314;7;7;177
1;140;3;315;roselia;1;9;Grass;398;315;1;315;12;12;20
1;60;4;316;gulpin;1;9;Poison;400;316;1;316;4;4;103
1;163;17;317;swalot;1;9;Poison;401;317;1;317;4;4;800
1;61;8;318;carvanha;1;9;Water;402;318;1;318;11;11;208
1;161;18;319;sharpedo;1;9;Water;403;319;1;319;11;11;888
1;80;20;320;wailmer;1;9;Water;405;320;1;320;11;11;1300
1;175;145;321;wailord;1;9;Water;406;321;1;321;11;11;3980
1;61;7;322;numel;1;9;Fire;407;322;1;322;10;10;240
1;161;19;323;camerupt;1;9;Fire;408;323;1;323;10;10;2200
1;165;5;324;torkoal;1;9;Fire;410;324;1;324;10;10;804
1;66;7;325;spoink;1;9;Psychic;411;325;1;325;14;14;306
1;165;9;326;grumpig;1;9;Psychic;412;326;1;326;14;14;715
1;126;11;327;spinda;1;9;Normal;413;327;1;327;1;1;50
1;58;7;328;trapinch;1;9;Ground;414;328;1;328;5;5;150
1;119;11;329;vibrava;1;9;Ground;415;329;1;329;5;5;153
1;234;20;330;flygon;1;9;Ground;416;330;1;330;5;5;820
1;67;4;331;cacnea;1;9;Grass;417;331;1;331;12;12;513
1;166;13;332;cacturne;1;9;Grass;418;332;1;332;12;12;774
1;62;4;333;swablu;1;9;Normal;419;333;1;333;1;1;12
1;172;11;334;altaria;1;9;Dragon;420;334;1;334;16;16;206
1;160;13;335;zangoose;1;9;Normal;422;335;1;335;1;1;403
1;160;27;336;seviper;1;9;Poison;423;336;1;336;4;4;525
1;161;10;337;lunatone;1;9;Rock;424;337;1;337;6;6;1680
1;161;12;338;solrock;1;9;Rock;425;338;1;338;6;6;1540
1;58;4;339;barboach;1;9;Water;426;339;1;339;11;11;19
1;164;9;340;whiscash;1;9;Water;427;340;1;340;11;11;236
1;62;6;341;corphish;1;9;Water;428;341;1;341;11;11;115
1;164;11;342;crawdaunt;1;9;Water;429;342;1;342;11;11;328
1;60;5;343;baltoy;1;9;Ground;430;343;1;343;5;5;215
1;175;15;344;claydol;1;9;Ground;431;344;1;344;5;5;1080
1;71;10;345;lileep;1;9;Rock;432;345;1;345;6;6;238
1;173;15;346;cradily;1;9;Rock;433;346;1;346;6;6;604
1;71;7;347;anorith;1;9;Rock;434;347;1;347;6;6;125
1;173;15;348;armaldo;1;9;Rock;435;348;1;348;6;6;682
1;40;6;349;feebas;1;9;Water;436;349;1;349;11;11;74
1;189;62;350;milotic;1;9;Water;437;350;1;350;11;11;1620
1;147;3;351;castform;1;9;Normal;438;351;1;351;1;1;8
1;154;10;352;kecleon;1;9;Normal;442;352;1;352;1;1;220
1;59;6;353;shuppet;1;9;Ghost;443;353;1;353;8;8;23
1;159;11;354;banette;1;9;Ghost;444;354;1;354;8;8;125
1;59;8;355;duskull;1;9;Ghost;446;355;1;355;8;8;150
1;159;16;356;dusclops;1;9;Ghost;447;356;1;356;8;8;306
1;161;20;357;tropius;1;9;Grass;449;357;1;357;12;12;1000
1;159;6;358;chimecho;1;9;Psychic;451;358;1;358;14;14;10
1;163;12;359;absol;1;9;Dark;452;359;1;359;17;17;470
1;52;6;360;wynaut;1;9;Psychic;275;360;1;360;14;14;140
1;60;7;361;snorunt;1;9;Ice;454;361;1;361;15;15;168
1;168;15;362;glalie;1;9;Ice;455;362;1;362;15;15;2565
1;58;8;363;spheal;1;9;Ice;458;363;1;363;15;15;395
1;144;11;364;sealeo;1;9;Ice;459;364;1;364;15;15;876
1;239;14;365;walrein;1;9;Ice;460;365;1;365;15;15;1506
1;69;4;366;clamperl;1;9;Water;461;366;1;366;11;11;525
1;170;17;367;huntail;1;9;Water;462;367;1;367;11;11;270
1;170;18;368;gorebyss;1;9;Water;463;368;1;368;11;11;226
1;170;10;369;relicanth;1;9;Water;464;369;1;369;11;11;234
1;116;6;370;luvdisc;1;9;Water;465;370;1;370;11;11;87
1;60;6;371;bagon;1;9;Dragon;466;371;1;371;16;16;421
1;147;11;372;shelgon;1;9;Dragon;467;372;1;372;16;16;1105
1;270;15;373;salamence;1;9;Dragon;468;373;1;373;16;16;1026
1;60;6;374;beldum;1;9;Steel;470;374;1;374;9;9;952
1;147;12;375;metang;1;9;Steel;471;375;1;375;9;9;2025
1;270;16;376;metagross;1;9;Steel;472;376;1;376;9;9;5500
1;261;17;377;regirock;1;9;Rock;474;377;1;377;6;6;2300
1;261;18;378;regice;1;9;Ice;475;378;1;378;15;15;1750
1;261;19;379;registeel;1;9;Steel;476;379;1;379;9;9;2050
1;270;14;380;latias;1;9;Dragon;477;380;1;380;16;16;400
1;270;20;381;latios;1;9;Dragon;479;381;1;381;16;16;600
1;302;45;382;kyogre;1;9;Water;481;382;1;382;11;11;3520
1;302;35;383;groudon;1;9;Ground;483;383;1;383;5;5;9500
1;306;70;384;rayquaza;1;9;Dragon;485;384;1;384;16;16;2065
1;270;3;385;jirachi;1;9;Steel;487;385;1;385;9;9;11
1;270;17;386;deoxys-normal;1;9;Psychic;488;386;1;386;14;14;608
1;64;4;387;turtwig;1;9;Grass;492;387;1;387;12;12;102
1;142;11;388;grotle;1;9;Grass;493;388;1;388;12;12;970
1;236;22;389;torterra;1;9;Grass;494;389;1;389;12;12;3100
1;62;5;390;chimchar;1;9;Fire;495;390;1;390;10;10;62
1;142;9;391;monferno;1;9;Fire;496;391;1;391;10;10;220
1;240;12;392;infernape;1;9;Fire;497;392;1;392;10;10;550
1;63;4;393;piplup;1;9;Water;498;393;1;393;11;11;52
1;142;8;394;prinplup;1;9;Water;499;394;1;394;11;11;230
1;239;17;395;empoleon;1;9;Water;500;395;1;395;11;11;845
1;49;3;396;starly;1;9;Normal;501;396;1;396;1;1;20
1;119;6;397;staravia;1;9;Normal;502;397;1;397;1;1;155
1;218;12;398;staraptor;1;9;Normal;503;398;1;398;1;1;249
1;50;5;399;bidoof;1;9;Normal;504;399;1;399;1;1;200
1;144;10;400;bibarel;1;9;Normal;505;400;1;400;1;1;315
1;39;3;401;kricketot;1;9;Bug;506;401;1;401;7;7;22
1;134;10;402;kricketune;1;9;Bug;507;402;1;402;7;7;255
1;53;5;403;shinx;1;9;Electric;508;403;1;403;13;13;95
1;127;9;404;luxio;1;9;Electric;509;404;1;404;13;13;305
1;235;14;405;luxray;1;9;Electric;510;405;1;405;13;13;420
1;56;2;406;budew;1;9;Grass;397;406;1;406;12;12;12
1;232;9;407;roserade;1;9;Grass;399;407;1;407;12;12;145
1;70;9;408;cranidos;1;9;Rock;511;408;1;408;6;6;315
1;173;16;409;rampardos;1;9;Rock;512;409;1;409;6;6;1025
1;70;5;410;shieldon;1;9;Rock;513;410;1;410;6;6;570
1;173;13;411;bastiodon;1;9;Rock;514;411;1;411;6;6;1495
1;45;2;412;burmy;1;9;Bug;515;412;1;412;7;7;34
1;148;5;413;wormadam-plant;1;9;Bug;516;413;1;413;7;7;65
1;148;9;414;mothim;1;9;Bug;519;414;1;414;7;7;233
1;49;3;415;combee;1;9;Bug;520;415;1;415;7;7;55
1;166;12;416;vespiquen;1;9;Bug;521;416;1;416;7;7;385
1;142;4;417;pachirisu;1;9;Electric;522;417;1;417;13;13;39
1;66;7;418;buizel;1;9;Water;523;418;1;418;11;11;295
1;173;11;419;floatzel;1;9;Water;524;419;1;419;11;11;335
1;55;4;420;cherubi;1;9;Grass;525;420;1;420;12;12;33
1;158;5;421;cherrim;1;9;Grass;526;421;1;421;12;12;93
1;65;3;422;shellos;1;9;Water;527;422;1;422;11;11;63
1;166;9;423;gastrodon;1;9;Water;528;423;1;423;11;11;299
1;169;12;424;ambipom;1;9;Normal;263;424;1;424;1;1;203
1;70;4;425;drifloon;1;9;Ghost;529;425;1;425;8;8;12
1;174;12;426;drifblim;1;9;Ghost;530;426;1;426;8;8;150
1;70;4;427;buneary;1;9;Normal;531;427;1;427;1;1;55
1;168;12;428;lopunny;1;9;Normal;532;428;1;428;1;1;333
1;173;9;429;mismagius;1;9;Ghost;273;429;1;429;8;8;44
1;177;9;430;honchkrow;1;9;Dark;271;430;1;430;17;17;273
1;62;5;431;glameow;1;9;Normal;534;431;1;431;1;1;39
1;158;10;432;purugly;1;9;Normal;535;432;1;432;1;1;438
1;57;2;433;chingling;1;9;Psychic;450;433;1;433;14;14;6
1;66;4;434;stunky;1;9;Poison;536;434;1;434;4;4;192
1;168;10;435;skuntank;1;9;Poison;537;435;1;435;4;4;380
1;60;5;436;bronzor;1;9;Steel;538;436;1;436;9;9;605
1;175;13;437;bronzong;1;9;Steel;539;437;1;437;9;9;1870
1;58;5;438;bonsly;1;9;Rock;257;438;1;438;6;6;150
1;62;6;439;mime-jr;1;9;Psychic;175;439;1;439;14;14;130
1;110;6;440;happiny;1;9;Normal;161;440;1;440;1;1;244
1;144;5;441;chatot;1;9;Normal;540;441;1;441;1;1;19
1;170;10;442;spiritomb;1;9;Ghost;541;442;1;442;8;8;1080
1;60;7;443;gible;1;9;Dragon;542;443;1;443;16;16;205
1;144;14;444;gabite;1;9;Dragon;543;444;1;444;16;16;560
1;270;19;445;garchomp;1;9;Dragon;544;445;1;445;16;16;950
1;78;6;446;munchlax;1;9;Normal;214;446;1;446;1;1;1050
1;57;7;447;riolu;1;9;Fighting;546;447;1;447;2;2;202
1;184;12;448;lucario;1;9;Fighting;547;448;1;448;2;2;540
1;66;8;449;hippopotas;1;9;Ground;549;449;1;449;5;5;495
1;184;20;450;hippowdon;1;9;Ground;550;450;1;450;5;5;3000
1;66;8;451;skorupi;1;9;Poison;551;451;1;451;4;4;120
1;175;13;452;drapion;1;9;Poison;552;452;1;452;4;4;615
1;60;7;453;croagunk;1;9;Poison;553;453;1;453;4;4;230
1;172;13;454;toxicroak;1;9;Poison;554;454;1;454;4;4;444
1;159;14;455;carnivine;1;9;Grass;555;455;1;455;12;12;270
1;66;4;456;finneon;1;9;Water;556;456;1;456;11;11;70
1;161;12;457;lumineon;1;9;Water;557;457;1;457;11;11;240
1;69;10;458;mantyke;1;9;Water;302;458;1;458;11;11;650
1;67;10;459;snover;1;9;Grass;558;459;1;459;12;12;505
1;173;22;460;abomasnow;1;9;Grass;559;460;1;460;12;12;1355
1;179;11;461;weavile;1;9;Dark;290;461;1;461;17;17;340
1;241;12;462;magnezone;1;9;Electric;119;462;1;462;13;13;1800
1;180;17;463;lickilicky;1;9;Normal;155;463;1;463;1;1;1400
1;241;24;464;rhyperior;1;9;Ground;160;464;1;464;5;5;2828
1;187;20;465;tangrowth;1;9;Grass;165;465;1;465;12;12;1286
1;243;18;466;electivire;1;9;Electric;184;466;1;466;13;13;1386
1;243;16;467;magmortar;1;9;Fire;187;467;1;467;10;10;680
1;245;15;468;togekiss;1;9;Fairy;247;468;1;468;18;18;380
1;180;19;469;yanmega;1;9;Bug;267;469;1;469;7;7;515
1;184;10;470;leafeon;1;9;Grass;202;470;1;470;12;12;255
1;184;8;471;glaceon;1;9;Ice;203;471;1;471;15;15;259
1;179;20;472;gliscor;1;9;Ground;282;472;1;472;5;5;425
1;239;25;473;mamoswine;1;9;Ice;297;473;1;473;15;15;2910
1;241;9;474;porygon-z;1;9;Normal;207;474;1;474;1;1;340
1;233;16;475;gallade;1;9;Psychic;358;475;1;475;14;14;520
1;184;14;476;probopass;1;9;Rock;376;476;1;476;6;6;3400
1;236;22;477;dusknoir;1;9;Ghost;448;477;1;477;8;8;1066
1;168;13;478;froslass;1;9;Ice;457;478;1;478;15;15;266
1;154;3;479;rotom;1;9;Electric;561;479;1;479;13;13;3
1;261;3;480;uxie;1;9;Psychic;567;480;1;480;14;14;3
1;261;3;481;mesprit;1;9;Psychic;568;481;1;481;14;14;3
1;261;3;482;azelf;1;9;Psychic;569;482;1;482;14;14;3
1;306;54;483;dialga;1;9;Steel;570;483;1;483;9;9;6830
1;306;42;484;palkia;1;9;Water;571;484;1;484;11;11;3360
1;270;17;485;heatran;1;9;Fire;572;485;1;485;10;10;4300
1;302;37;486;regigigas;1;9;Normal;573;486;1;486;1;1;4200
1;306;45;487;giratina-altered;1;9;Ghost;574;487;1;487;8;8;7500
1;270;15;488;cresselia;1;9;Psychic;576;488;1;488;14;14;856
1;216;4;489;phione;1;9;Water;577;489;1;489;11;11;31
1;270;3;490;manaphy;1;9;Water;578;490;1;490;11;11;14
1;270;15;491;darkrai;1;9;Dark;579;491;1;491;17;17;505
1;270;2;492;shaymin-land;1;9;Grass;580;492;1;492;12;12;21
1;324;32;493;arceus;1;9;Normal;582;493;1;493;1;1;3200
1;270;4;494;victini;1;9;Psychic;583;494;1;494;14;14;40
1;62;6;495;snivy;1;9;Grass;584;495;1;495;12;12;81
1;145;8;496;servine;1;9;Grass;585;496;1;496;12;12;160
1;238;33;497;serperior;1;9;Grass;586;497;1;497;12;12;630
1;62;5;498;tepig;1;9;Fire;587;498;1;498;10;10;99
1;146;10;499;pignite;1;9;Fire;588;499;1;499;10;10;555
1;238;16;500;emboar;1;9;Fire;589;500;1;500;10;10;1500
1;62;5;501;oshawott;1;9;Water;590;501;1;501;11;11;59
1;145;8;502;dewott;1;9;Water;591;502;1;502;11;11;245
1;238;15;503;samurott;1;9;Water;592;503;1;503;11;11;946
1;51;5;504;patrat;1;9;Normal;593;504;1;504;1;1;116
1;147;11;505;watchog;1;9;Normal;594;505;1;505;1;1;270
1;55;4;506;lillipup;1;9;Normal;595;506;1;506;1;1;41
1;130;9;507;herdier;1;9;Normal;596;507;1;507;1;1;147
1;225;12;508;stoutland;1;9;Normal;597;508;1;508;1;1;610
1;56;4;509;purrloin;1;9;Dark;598;509;1;509;17;17;101
1;156;11;510;liepard;1;9;Dark;599;510;1;510;17;17;375
1;63;6;511;pansage;1;9;Grass;600;511;1;511;12;12;105
1;174;11;512;simisage;1;9;Grass;601;512;1;512;12;12;305
1;63;6;513;pansear;1;9;Fire;602;513;1;513;10;10;110
1;174;10;514;simisear;1;9;Fire;603;514;1;514;10;10;280
1;63;6;515;panpour;1;9;Water;604;515;1;515;11;11;135
1;174;10;516;simipour;1;9;Water;605;516;1;516;11;11;290
1;58;6;517;munna;1;9;Psychic;606;517;1;517;14;14;233
1;170;11;518;musharna;1;9;Psychic;607;518;1;518;14;14;605
1;53;3;519;pidove;1;9;Normal;608;519;1;519;1;1;21
1;125;6;520;tranquill;1;9;Normal;609;520;1;520;1;1;150
1;220;12;521;unfezant;1;9;Normal;610;521;1;521;1;1;290
1;59;8;522;blitzle;1;9;Electric;611;522;1;522;13;13;298
1;174;16;523;zebstrika;1;9;Electric;612;523;1;523;13;13;795
1;56;4;524;roggenrola;1;9;Rock;613;524;1;524;6;6;180
1;137;9;525;boldore;1;9;Rock;614;525;1;525;6;6;1020
1;232;17;526;gigalith;1;9;Rock;615;526;1;526;6;6;2600
1;65;4;527;woobat;1;9;Psychic;616;527;1;527;14;14;21
1;149;9;528;swoobat;1;9;Psychic;617;528;1;528;14;14;105
1;66;3;529;drilbur;1;9;Ground;618;529;1;529;5;5;85
1;178;7;530;excadrill;1;9;Ground;619;530;1;530;5;5;404
1;390;11;531;audino;1;9;Normal;620;531;1;531;1;1;310
1;61;6;532;timburr;1;9;Fighting;622;532;1;532;2;2;125
1;142;12;533;gurdurr;1;9;Fighting;623;533;1;533;2;2;400
1;227;14;534;conkeldurr;1;9;Fighting;624;534;1;534;2;2;870
1;59;5;535;tympole;1;9;Water;625;535;1;535;11;11;45
1;134;8;536;palpitoad;1;9;Water;626;536;1;536;11;11;170
1;229;15;537;seismitoad;1;9;Water;627;537;1;537;11;11;620
1;163;13;538;throh;1;9;Fighting;628;538;1;538;2;2;555
1;163;14;539;sawk;1;9;Fighting;629;539;1;539;2;2;510
1;62;3;540;sewaddle;1;9;Bug;630;540;1;540;7;7;25
1;133;5;541;swadloon;1;9;Bug;631;541;1;541;7;7;73
1;225;12;542;leavanny;1;9;Bug;632;542;1;542;7;7;205
1;52;4;543;venipede;1;9;Bug;633;543;1;543;7;7;53
1;126;12;544;whirlipede;1;9;Bug;634;544;1;544;7;7;585
1;218;25;545;scolipede;1;9;Bug;635;545;1;545;7;7;2005
1;56;3;546;cottonee;1;9;Grass;636;546;1;546;12;12;6
1;168;7;547;whimsicott;1;9;Grass;637;547;1;547;12;12;66
1;56;5;548;petilil;1;9;Grass;638;548;1;548;12;12;66
1;168;11;549;lilligant;1;9;Grass;639;549;1;549;12;12;163
1;161;10;550;basculin-red-striped;1;9;Water;640;550;1;550;11;11;180
1;58;7;551;sandile;1;9;Ground;642;551;1;551;5;5;152
1;123;10;552;krokorok;1;9;Ground;643;552;1;552;5;5;334
1;234;15;553;krookodile;1;9;Ground;644;553;1;553;5;5;963
1;63;6;554;darumaka;1;9;Fire;645;554;1;554;10;10;375
1;168;13;555;darmanitan-standard;1;9;Fire;646;555;1;555;10;10;929
1;161;10;556;maractus;1;9;Grass;648;556;1;556;12;12;280
1;65;3;557;dwebble;1;9;Bug;649;557;1;557;7;7;145
1;170;14;558;crustle;1;9;Bug;650;558;1;558;7;7;2000
1;70;6;559;scraggy;1;9;Dark;651;559;1;559;17;17;118
1;171;11;560;scrafty;1;9;Dark;652;560;1;560;17;17;300
1;172;14;561;sigilyph;1;9;Psychic;653;561;1;561;14;14;140
1;61;5;562;yamask;1;9;Ghost;654;562;1;562;8;8;15
1;169;17;563;cofagrigus;1;9;Ghost;655;563;1;563;8;8;765
1;71;7;564;tirtouga;1;9;Water;656;564;1;564;11;11;165
1;173;12;565;carracosta;1;9;Water;657;565;1;565;11;11;810
1;71;5;566;archen;1;9;Rock;658;566;1;566;6;6;95
1;177;14;567;archeops;1;9;Rock;659;567;1;567;6;6;320
1;66;6;568;trubbish;1;9;Poison;660;568;1;568;4;4;310
1;166;19;569;garbodor;1;9;Poison;661;569;1;569;4;4;1073
1;66;7;570;zorua;1;9;Dark;662;570;1;570;17;17;125
1;179;16;571;zoroark;1;9;Dark;663;571;1;571;17;17;811
1;60;4;572;minccino;1;9;Normal;664;572;1;572;1;1;58
1;165;5;573;cinccino;1;9;Normal;665;573;1;573;1;1;75
1;58;4;574;gothita;1;9;Psychic;666;574;1;574;14;14;58
1;137;7;575;gothorita;1;9;Psychic;667;575;1;575;14;14;180
1;221;15;576;gothitelle;1;9;Psychic;668;576;1;576;14;14;440
1;58;3;577;solosis;1;9;Psychic;669;577;1;577;14;14;10
1;130;6;578;duosion;1;9;Psychic;670;578;1;578;14;14;80
1;221;10;579;reuniclus;1;9;Psychic;671;579;1;579;14;14;201
1;61;5;580;ducklett;1;9;Water;672;580;1;580;11;11;55
1;166;13;581;swanna;1;9;Water;673;581;1;581;11;11;242
1;61;4;582;vanillite;1;9;Ice;674;582;1;582;15;15;57
1;138;11;583;vanillish;1;9;Ice;675;583;1;583;15;15;410
1;241;13;584;vanilluxe;1;9;Ice;676;584;1;584;15;15;575
1;67;6;585;deerling;1;9;Normal;677;585;1;585;1;1;195
1;166;19;586;sawsbuck;1;9;Normal;678;586;1;586;1;1;925
1;150;4;587;emolga;1;9;Electric;679;587;1;587;13;13;50
1;63;5;588;karrablast;1;9;Bug;680;588;1;588;7;7;59
1;173;10;589;escavalier;1;9;Bug;681;589;1;589;7;7;330
1;59;2;590;foongus;1;9;Grass;682;590;1;590;12;12;10
1;162;6;591;amoonguss;1;9;Grass;683;591;1;591;12;12;105
1;67;12;592;frillish;1;9;Water;684;592;1;592;11;11;330
1;168;22;593;jellicent;1;9;Water;685;593;1;593;11;11;1350
1;165;12;594;alomomola;1;9;Water;686;594;1;594;11;11;316
1;64;1;595;joltik;1;9;Bug;687;595;1;595;7;7;6
1;165;8;596;galvantula;1;9;Bug;688;596;1;596;7;7;143
1;61;6;597;ferroseed;1;9;Grass;689;597;1;597;12;12;188
1;171;10;598;ferrothorn;1;9;Grass;690;598;1;598;12;12;1100
1;60;3;599;klink;1;9;Steel;691;599;1;599;9;9;210
1;154;6;600;klang;1;9;Steel;692;600;1;600;9;9;510
1;234;6;601;klinklang;1;9;Steel;693;601;1;601;9;9;810
1;55;2;602;tynamo;1;9;Electric;694;602;1;602;13;13;3
1;142;12;603;eelektrik;1;9;Electric;695;603;1;603;13;13;220
1;232;21;604;eelektross;1;9;Electric;696;604;1;604;13;13;805
1;67;5;605;elgyem;1;9;Psychic;697;605;1;605;14;14;90
1;170;10;606;beheeyem;1;9;Psychic;698;606;1;606;14;14;345
1;55;3;607;litwick;1;9;Ghost;699;607;1;607;8;8;31
1;130;6;608;lampent;1;9;Ghost;700;608;1;608;8;8;130
1;234;10;609;chandelure;1;9;Ghost;701;609;1;609;8;8;343
1;64;6;610;axew;1;9;Dragon;702;610;1;610;16;16;180
1;144;10;611;fraxure;1;9;Dragon;703;611;1;611;16;16;360
1;243;18;612;haxorus;1;9;Dragon;704;612;1;612;16;16;1055
1;61;5;613;cubchoo;1;9;Ice;705;613;1;613;15;15;85
1;177;26;614;beartic;1;9;Ice;706;614;1;614;15;15;2600
1;180;11;615;cryogonal;1;9;Ice;707;615;1;615;15;15;1480
1;61;4;616;shelmet;1;9;Bug;708;616;1;616;7;7;77
1;173;8;617;accelgor;1;9;Bug;709;617;1;617;7;7;253
1;165;7;618;stunfisk;1;9;Ground;710;618;1;618;5;5;110
1;70;9;619;mienfoo;1;9;Fighting;711;619;1;619;2;2;200
1;179;14;620;mienshao;1;9;Fighting;712;620;1;620;2;2;355
1;170;16;621;druddigon;1;9;Dragon;713;621;1;621;16;16;1390
1;61;10;622;golett;1;9;Ground;714;622;1;622;5;5;920
1;169;28;623;golurk;1;9;Ground;715;623;1;623;5;5;3300
1;68;5;624;pawniard;1;9;Dark;716;624;1;624;17;17;102
1;172;16;625;bisharp;1;9;Dark;717;625;1;625;17;17;700
1;172;16;626;bouffalant;1;9;Normal;718;626;1;626;1;1;946
1;70;5;627;rufflet;1;9;Normal;719;627;1;627;1;1;105
1;179;15;628;braviary;1;9;Normal;720;628;1;628;1;1;410
1;74;5;629;vullaby;1;9;Dark;721;629;1;629;17;17;90
1;179;12;630;mandibuzz;1;9;Dark;722;630;1;630;17;17;395
1;169;14;631;heatmor;1;9;Fire;723;631;1;631;10;10;580
1;169;3;632;durant;1;9;Bug;724;632;1;632;7;7;330
1;60;8;633;deino;1;9;Dark;725;633;1;633;17;17;173
1;147;14;634;zweilous;1;9;Dark;726;634;1;634;17;17;500
1;270;18;635;hydreigon;1;9;Dark;727;635;1;635;17;17;1600
1;72;11;636;larvesta;1;9;Bug;728;636;1;636;7;7;288
1;248;16;637;volcarona;1;9;Bug;729;637;1;637;7;7;460
1;261;21;638;cobalion;1;9;Steel;730;638;1;638;9;9;2500
1;261;19;639;terrakion;1;9;Rock;731;639;1;639;6;6;2600
1;261;20;640;virizion;1;9;Grass;732;640;1;640;12;12;2000
1;261;15;641;tornadus-incarnate;1;9;Flying;733;641;1;641;3;3;630
1;261;15;642;thundurus-incarnate;1;9;Electric;735;642;1;642;13;13;610
1;306;32;643;reshiram;1;9;Dragon;737;643;1;643;16;16;3300
1;306;29;644;zekrom;1;9;Dragon;738;644;1;644;16;16;3450
1;270;15;645;landorus-incarnate;1;9;Ground;739;645;1;645;5;5;680
1;297;30;646;kyurem;1;9;Dragon;741;646;1;646;16;16;3250
1;261;14;647;keldeo-ordinary;1;9;Water;744;647;1;647;11;11;485
1;270;6;648;meloetta-aria;1;9;Normal;746;648;1;648;1;1;65
1;270;15;649;genesect;1;9;Bug;748;649;1;649;7;7;825
1;63;4;650;chespin;1;9;Grass;749;650;1;650;12;12;90
1;142;7;651;quilladin;1;9;Grass;750;651;1;651;12;12;290
1;239;16;652;chesnaught;1;9;Grass;751;652;1;652;12;12;900
1;61;4;653;fennekin;1;9;Fire;752;653;1;653;10;10;94
1;143;10;654;braixen;1;9;Fire;753;654;1;654;10;10;145
1;240;15;655;delphox;1;9;Fire;754;655;1;655;10;10;390
1;63;3;656;froakie;1;9;Water;755;656;1;656;11;11;70
1;142;6;657;frogadier;1;9;Water;756;657;1;657;11;11;109
1;239;15;658;greninja;1;9;Water;757;658;1;658;11;11;400
1;47;4;659;bunnelby;1;9;Normal;760;659;1;659;1;1;50
1;148;10;660;diggersby;1;9;Normal;761;660;1;660;1;1;424
1;56;3;661;fletchling;1;9;Normal;762;661;1;661;1;1;17
1;134;7;662;fletchinder;1;9;Fire;763;662;1;662;10;10;160
1;175;12;663;talonflame;1;9;Fire;764;663;1;663;10;10;245
1;40;3;664;scatterbug;1;9;Bug;765;664;1;664;7;7;25
1;75;3;665;spewpa;1;9;Bug;766;665;1;665;7;7;84
1;185;12;666;vivillon;1;9;Bug;767;666;1;666;7;7;170
1;74;6;667;litleo;1;9;Fire;768;667;1;667;10;10;135
1;177;15;668;pyroar;1;9;Fire;769;668;1;668;10;10;815
1;61;1;669;flabebe;1;9;Fairy;770;669;1;669;18;18;1
1;130;2;670;floette;1;9;Fairy;771;670;1;670;18;18;9
1;248;11;671;florges;1;9;Fairy;773;671;1;671;18;18;100
1;70;9;672;skiddo;1;9;Grass;774;672;1;672;12;12;310
1;186;17;673;gogoat;1;9;Grass;775;673;1;673;12;12;910
1;70;6;674;pancham;1;9;Fighting;776;674;1;674;2;2;80
1;173;21;675;pangoro;1;9;Fighting;777;675;1;675;2;2;1360
1;165;12;676;furfrou;1;9;Normal;778;676;1;676;1;1;280
1;71;3;677;espurr;1;9;Psychic;779;677;1;677;14;14;35
1;163;6;678;meowstic-male;1;9;Psychic;780;678;1;678;14;14;85
1;65;8;679;honedge;1;9;Steel;782;679;1;679;9;9;20
1;157;8;680;doublade;1;9;Steel;783;680;1;680;9;9;45
1;234;17;681;aegislash-shield;1;9;Steel;784;681;1;681;9;9;530
1;68;2;682;spritzee;1;9;Fairy;786;682;1;682;18;18;5
1;162;8;683;aromatisse;1;9;Fairy;787;683;1;683;18;18;155
1;68;4;684;swirlix;1;9;Fairy;788;684;1;684;18;18;35
1;168;8;685;slurpuff;1;9;Fairy;789;685;1;685;18;18;50
1;58;4;686;inkay;1;9;Dark;790;686;1;686;17;17;35
1;169;15;687;malamar;1;9;Dark;791;687;1;687;17;17;470
1;61;5;688;binacle;1;9;Rock;792;688;1;688;6;6;310
1;175;13;689;barbaracle;1;9;Rock;793;689;1;689;6;6;960
1;64;5;690;skrelp;1;9;Poison;794;690;1;690;4;4;73
1;173;18;691;dragalge;1;9;Poison;795;691;1;691;4;4;815
1;66;5;692;clauncher;1;9;Water;796;692;1;692;11;11;83
1;100;13;693;clawitzer;1;9;Water;797;693;1;693;11;11;353
1;58;5;694;helioptile;1;9;Electric;798;694;1;694;13;13;60
1;168;10;695;heliolisk;1;9;Electric;799;695;1;695;13;13;210
1;72;8;696;tyrunt;1;9;Rock;800;696;1;696;6;6;260
1;182;25;697;tyrantrum;1;9;Rock;801;697;1;697;6;6;2700
1;72;13;698;amaura;1;9;Rock;802;698;1;698;6;6;252
1;104;27;699;aurorus;1;9;Rock;803;699;1;699;6;6;2250
1;184;10;700;sylveon;1;9;Fairy;204;700;1;700;18;18;235
1;175;8;701;hawlucha;1;9;Fighting;804;701;1;701;2;2;215
1;151;2;702;dedenne;1;9;Electric;805;702;1;702;13;13;22
1;100;3;703;carbink;1;9;Rock;806;703;1;703;6;6;57
1;60;3;704;goomy;1;9;Dragon;807;704;1;704;16;16;28
1;158;8;705;sliggoo;1;9;Dragon;808;705;1;705;16;16;175
1;270;20;706;goodra;1;9;Dragon;809;706;1;706;16;16;1505
1;165;2;707;klefki;1;9;Steel;810;707;1;707;9;9;30
1;62;4;708;phantump;1;9;Ghost;811;708;1;708;8;8;70
1;166;15;709;trevenant;1;9;Ghost;812;709;1;709;8;8;710
1;67;4;710;pumpkaboo-average;1;9;Ghost;813;710;1;710;8;8;50
1;173;9;711;gourgeist-average;1;9;Ghost;817;711;1;711;8;8;125
1;61;10;712;bergmite;1;9;Ice;821;712;1;712;15;15;995
1;180;20;713;avalugg;1;9;Ice;822;713;1;713;15;15;5050
1;49;5;714;noibat;1;9;Flying;823;714;1;714;3;3;80
1;187;15;715;noivern;1;9;Flying;824;715;1;715;3;3;850
1;306;30;716;xerneas;1;9;Fairy;825;716;1;716;18;18;2150
1;306;58;717;yveltal;1;9;Dark;826;717;1;717;17;17;2030
1;270;50;718;zygarde;1;9;Dragon;827;718;1;718;16;16;3050
1;270;7;719;diancie;1;9;Rock;831;719;1;719;6;6;88
1;270;5;720;hoopa;1;9;Psychic;833;720;1;720;14;14;90
1;270;17;721;volcanion;1;9;Fire;835;721;1;721;10;10;1950
1;64;3;722;rowlet;1;9;Grass;836;722;1;722;12;12;15
1;147;7;723;dartrix;1;9;Grass;837;723;1;723;12;12;160
1;239;16;724;decidueye;1;9;Grass;838;724;1;724;12;12;366
1;64;4;725;litten;1;9;Fire;839;725;1;725;10;10;43
1;147;7;726;torracat;1;9;Fire;840;726;1;726;10;10;250
1;239;18;727;incineroar;1;9;Fire;841;727;1;727;10;10;830
1;64;4;728;popplio;1;9;Water;842;728;1;728;11;11;75
1;147;6;729;brionne;1;9;Water;843;729;1;729;11;11;175
1;239;18;730;primarina;1;9;Water;844;730;1;730;11;11;440
1;53;3;731;pikipek;1;9;Normal;845;731;1;731;1;1;12
1;124;6;732;trumbeak;1;9;Normal;846;732;1;732;1;1;148
1;218;11;733;toucannon;1;9;Normal;847;733;1;733;1;1;260
1;51;4;734;yungoos;1;9;Normal;848;734;1;734;1;1;60
1;146;7;735;gumshoos;1;9;Normal;849;735;1;735;1;1;142
1;60;4;736;grubbin;1;9;Bug;851;736;1;736;7;7;44
1;140;5;737;charjabug;1;9;Bug;852;737;1;737;7;7;105
1;225;15;738;vikavolt;1;9;Bug;853;738;1;738;7;7;450
1;68;6;739;crabrawler;1;9;Fighting;855;739;1;739;2;2;70
1;167;17;740;crabominable;1;9;Fighting;856;740;1;740;2;2;1800
1;167;6;741;oricorio-baile;1;9;Fire;857;741;1;741;10;10;34
1;61;1;742;cutiefly;1;9;Bug;861;742;1;742;7;7;2
1;162;2;743;ribombee;1;9;Bug;862;743;1;743;7;7;5
1;56;5;744;rockruff;1;9;Rock;863;744;1;744;6;6;92
1;170;8;745;lycanroc-midday;1;9;Rock;864;745;1;745;6;6;250
1;61;2;746;wishiwashi-solo;1;9;Water;866;746;1;746;11;11;3
1;61;4;747;mareanie;1;9;Poison;868;747;1;747;4;4;80
1;173;7;748;toxapex;1;9;Poison;869;748;1;748;4;4;145
1;77;10;749;mudbray;1;9;Ground;870;749;1;749;5;5;1100
1;175;25;750;mudsdale;1;9;Ground;871;750;1;750;5;5;9200
1;54;3;751;dewpider;1;9;Water;872;751;1;751;11;11;40
1;159;18;752;araquanid;1;9;Water;873;752;1;752;11;11;820
1;50;3;753;fomantis;1;9;Grass;874;753;1;753;12;12;15
1;168;9;754;lurantis;1;9;Grass;875;754;1;754;12;12;185
1;57;2;755;morelull;1;9;Grass;877;755;1;755;12;12;15
1;142;10;756;shiinotic;1;9;Grass;878;756;1;756;12;12;115
1;64;6;757;salandit;1;9;Poison;879;757;1;757;4;4;48
1;168;12;758;salazzle;1;9;Poison;880;758;1;758;4;4;222
1;68;5;759;stufful;1;9;Normal;882;759;1;759;1;1;68
1;175;21;760;bewear;1;9;Normal;883;760;1;760;1;1;1350
1;42;3;761;bounsweet;1;9;Grass;884;761;1;761;12;12;32
1;102;7;762;steenee;1;9;Grass;885;762;1;762;12;12;82
1;230;12;763;tsareena;1;9;Grass;886;763;1;763;12;12;214
1;170;1;764;comfey;1;9;Fairy;887;764;1;764;18;18;3
1;172;15;765;oranguru;1;9;Normal;888;765;1;765;1;1;760
1;172;20;766;passimian;1;9;Fighting;889;766;1;766;2;2;828
1;46;5;767;wimpod;1;9;Bug;890;767;1;767;7;7;120
1;186;20;768;golisopod;1;9;Bug;891;768;1;768;7;7;1080
1;64;5;769;sandygast;1;9;Ghost;892;769;1;769;8;8;700
1;168;13;770;palossand;1;9;Ghost;893;770;1;770;8;8;2500
1;144;3;771;pyukumuku;1;9;Water;894;771;1;771;11;11;12
1;107;19;772;type-null;1;9;Normal;895;772;1;772;1;1;1205
1;114;23;773;silvally;1;9;Normal;896;773;1;773;1;1;1005
1;154;3;774;minior-red-meteor;1;9;Rock;897;774;1;774;6;6;400
1;168;4;775;komala;1;9;Normal;911;775;1;775;1;1;199
1;170;20;776;turtonator;1;9;Fire;912;776;1;776;10;10;2120
1;152;3;777;togedemaru;1;9;Electric;913;777;1;777;13;13;33
1;167;2;778;mimikyu-disguised;1;9;Ghost;914;778;1;778;8;8;7
1;166;9;779;bruxish;1;9;Water;918;779;1;779;11;11;190
1;170;30;780;drampa;1;9;Normal;919;780;1;780;1;1;1850
1;181;39;781;dhelmise;1;9;Ghost;920;781;1;781;8;8;2100
1;60;6;782;jangmo-o;1;9;Dragon;921;782;1;782;16;16;297
1;147;12;783;hakamo-o;1;9;Dragon;922;783;1;783;16;16;470
1;270;16;784;kommo-o;1;9;Dragon;923;784;1;784;16;16;782
1;114;18;785;tapu-koko;1;9;Electric;925;785;1;785;13;13;205
1;114;12;786;tapu-lele;1;9;Psychic;926;786;1;786;14;14;186
1;114;19;787;tapu-bulu;1;9;Grass;927;787;1;787;12;12;455
1;114;13;788;tapu-fini;1;9;Water;928;788;1;788;11;11;212
1;40;2;789;cosmog;1;9;Psychic;929;789;1;789;14;14;1
1;80;1;790;cosmoem;1;9;Psychic;930;790;1;790;14;14;9999
1;136;34;791;solgaleo;1;9;Psychic;931;791;1;791;14;14;2300
1;136;40;792;lunala;1;9;Psychic;932;792;1;792;14;14;1200
1;114;12;793;nihilego;1;9;Rock;933;793;1;793;6;6;555
1;114;24;794;buzzwole;1;9;Bug;934;794;1;794;7;7;3336
1;114;18;795;pheromosa;1;9;Bug;935;795;1;795;7;7;250
1;114;38;796;xurkitree;1;9;Electric;936;796;1;796;13;13;1000
1;114;92;797;celesteela;1;9;Steel;937;797;1;797;9;9;9999
1;114;3;798;kartana;1;9;Grass;938;798;1;798;12;12;1
1;114;55;799;guzzlord;1;9;Dark;939;799;1;799;17;17;8880
1;120;24;800;necrozma;1;9;Psychic;940;800;1;800;14;14;2300
1;120;10;801;magearna;1;9;Steel;941;801;1;801;9;9;805
1;120;7;802;marshadow;1;9;Fighting;943;802;1;802;2;2;222
1;270;17;10001;deoxys-attack;0;9;Psychic;489;10001;1;386;14;14;608
1;270;17;10002;deoxys-defense;0;9;Psychic;490;10002;1;386;14;14;608
1;270;17;10003;deoxys-speed;0;9;Psychic;491;10003;1;386;14;14;608
1;148;5;10004;wormadam-sandy;0;9;Bug;517;10004;1;413;7;7;65
1;148;5;10005;wormadam-trash;0;9;Bug;518;10005;1;413;7;7;65
1;270;4;10006;shaymin-sky;0;9;Grass;581;10006;1;492;12;12;52
1;306;69;10007;giratina-origin;0;9;Ghost;575;10007;1;487;8;8;6500
1;182;3;10008;rotom-heat;0;9;Electric;562;10008;1;479;13;13;3
1;182;3;10009;rotom-wash;0;9;Electric;563;10009;1;479;13;13;3
1;182;3;10010;rotom-frost;0;9;Electric;564;10010;1;479;13;13;3
1;182;3;10011;rotom-fan;0;9;Electric;565;10011;1;479;13;13;3
1;182;3;10012;rotom-mow;0;9;Electric;566;10012;1;479;13;13;3
1;147;3;10013;castform-sunny;0;9;Fire;439;10013;1;351;10;10;8
1;147;3;10014;castform-rainy;0;9;Water;440;10014;1;351;11;11;8
1;147;3;10015;castform-snowy;0;9;Ice;441;10015;1;351;15;15;8
1;161;10;10016;basculin-blue-striped;0;9;Water;641;10016;1;550;11;11;180
1;189;13;10017;darmanitan-zen;0;9;Fire;647;10017;1;555;10;10;929
1;270;6;10018;meloetta-pirouette;0;9;Normal;747;10018;1;648;1;1;65
1;261;14;10019;tornadus-therian;0;9;Flying;734;10019;1;641;3;3;630
1;261;30;10020;thundurus-therian;0;9;Electric;736;10020;1;642;13;13;610
1;270;13;10021;landorus-therian;0;9;Ground;740;10021;1;645;5;5;680
1;315;33;10022;kyurem-black;0;9;Dragon;743;10022;1;646;16;16;3250
1;315;36;10023;kyurem-white;0;9;Dragon;742;10023;1;646;16;16;3250
1;261;14;10024;keldeo-resolute;0;9;Water;745;10024;1;647;11;11;485
1;163;6;10025;meowstic-female;0;9;Psychic;781;10025;1;678;14;14;85
1;234;17;10026;aegislash-blade;0;9;Steel;785;10026;1;681;9;9;530
1;67;3;10027;pumpkaboo-small;0;9;Ghost;814;10027;1;710;8;8;35
1;67;5;10028;pumpkaboo-large;0;9;Ghost;815;10028;1;710;8;8;75
1;67;8;10029;pumpkaboo-super;0;9;Ghost;816;10029;1;710;8;8;150
1;173;7;10030;gourgeist-small;0;9;Ghost;818;10030;1;711;8;8;95
1;173;11;10031;gourgeist-large;0;9;Ghost;819;10031;1;711;8;8;140
1;173;17;10032;gourgeist-super;0;9;Ghost;820;10032;1;711;8;8;390
1;281;24;10033;venusaur-mega;0;9;Grass;4;10033;1;3;12;12;1555
1;285;17;10034;charizard-mega-x;0;9;Fire;8;10034;1;6;10;10;1105
1;285;17;10035;charizard-mega-y;0;9;Fire;9;10035;1;6;10;10;1005
1;284;16;10036;blastoise-mega;0;9;Water;13;10036;1;9;11;11;1011
1;270;12;10037;alakazam-mega;0;9;Psychic;96;10037;1;65;14;14;480
1;270;14;10038;gengar-mega;0;9;Ghost;134;10038;1;94;8;8;405
1;207;22;10039;kangaskhan-mega;0;9;Normal;167;10039;1;115;1;1;1000
1;210;17;10040;pinsir-mega;0;9;Bug;189;10040;1;127;7;7;590
1;224;65;10041;gyarados-mega;0;9;Water;193;10041;1;130;11;11;3050
1;215;21;10042;aerodactyl-mega;0;9;Rock;213;10042;1;142;6;6;790
1;351;23;10043;mewtwo-mega-x;0;9;Psychic;223;10043;1;150;14;14;1270
1;351;15;10044;mewtwo-mega-y;0;9;Psychic;224;10044;1;150;14;14;330
1;275;14;10045;ampharos-mega;0;9;Electric;253;10045;1;181;13;13;615
1;210;20;10046;scizor-mega;0;9;Bug;179;10046;1;212;7;7;1250
1;210;17;10047;heracross-mega;0;9;Bug;288;10047;1;214;7;7;625
1;210;19;10048;houndoom-mega;0;9;Dark;307;10048;1;229;17;17;495
1;315;25;10049;tyranitar-mega;0;9;Rock;319;10049;1;248;6;6;2550
1;284;19;10050;blaziken-mega;0;9;Fire;330;10050;1;257;10;10;520
1;278;16;10051;gardevoir-mega;0;9;Psychic;357;10051;1;282;14;14;484
1;168;10;10052;mawile-mega;0;9;Steel;382;10052;1;303;9;9;235
1;284;22;10053;aggron-mega;0;9;Steel;386;10053;1;306;9;9;3950
1;179;13;10054;medicham-mega;0;9;Fighting;389;10054;1;308;2;2;315
1;201;18;10055;manectric-mega;0;9;Electric;392;10055;1;310;13;13;440
1;194;12;10056;banette-mega;0;9;Ghost;445;10056;1;354;8;8;130
1;198;12;10057;absol-mega;0;9;Dark;453;10057;1;359;17;17;490
1;315;19;10058;garchomp-mega;0;9;Dragon;545;10058;1;445;16;16;950
1;219;13;10059;lucario-mega;0;9;Fighting;548;10059;1;448;2;2;575
1;208;27;10060;abomasnow-mega;0;9;Grass;560;10060;1;460;12;12;1850
1;243;2;10061;floette-eternal;0;9;Fairy;772;10061;1;670;18;18;9
1;315;18;10062;latias-mega;0;9;Dragon;478;10062;1;380;16;16;520
1;315;23;10063;latios-mega;0;9;Dragon;480;10063;1;381;16;16;700
1;286;19;10064;swampert-mega;0;9;Water;334;10064;1;260;11;11;1020
1;284;19;10065;sceptile-mega;0;9;Grass;326;10065;1;254;12;12;552
1;168;5;10066;sableye-mega;0;9;Dark;380;10066;1;302;17;17;1610
1;207;15;10067;altaria-mega;0;9;Dragon;421;10067;1;334;16;16;206
1;278;16;10068;gallade-mega;0;9;Psychic;359;10068;1;475;14;14;564
1;425;15;10069;audino-mega;0;9;Normal;621;10069;1;531;1;1;320
1;196;25;10070;sharpedo-mega;0;9;Water;404;10070;1;319;11;11;1303
1;207;20;10071;slowbro-mega;0;9;Water;115;10071;1;80;11;11;1200
1;214;105;10072;steelix-mega;0;9;Steel;137;10072;1;208;9;9;7400
1;261;22;10073;pidgeot-mega;0;9;Normal;24;10073;1;18;1;1;505
1;203;21;10074;glalie-mega;0;9;Ice;456;10074;1;362;15;15;3502
1;315;11;10075;diancie-mega;0;9;Rock;832;10075;1;719;6;6;278
1;315;25;10076;metagross-mega;0;9;Steel;473;10076;1;376;9;9;9429
1;347;98;10077;kyogre-primal;0;9;Water;482;10077;1;382;11;11;4300
1;347;50;10078;groudon-primal;0;9;Ground;484;10078;1;383;5;5;9997
1;351;108;10079;rayquaza-mega;0;9;Dragon;486;10079;1;384;16;16;3920
1;112;4;10080;pikachu-rock-star;0;9;Electric;37;10080;1;25;13;13;60
1;112;4;10081;pikachu-belle;0;9;Electric;38;10081;1;25;13;13;60
1;112;4;10082;pikachu-pop-star;0;9;Electric;39;10082;1;25;13;13;60
1;112;4;10083;pikachu-phd;0;9;Electric;40;10083;1;25;13;13;60
1;112;4;10084;pikachu-libre;0;9;Electric;41;10084;1;25;13;13;60
1;112;4;10085;pikachu-cosplay;0;9;Electric;36;10085;1;25;13;13;60
1;306;65;10086;hoopa-unbound;0;9;Psychic;834;10086;1;720;14;14;4900
1;196;25;10087;camerupt-mega;0;9;Fire;409;10087;1;323;10;10;3205
1;203;13;10088;lopunny-mega;0;9;Normal;533;10088;1;428;1;1;283
1;315;18;10089;salamence-mega;0;9;Dragon;469;10089;1;373;16;16;1126
1;223;14;10090;beedrill-mega;0;9;Bug;20;10090;1;15;7;7;405
1;51;3;10091;rattata-alola;0;9;Dark;26;10091;1;19;17;17;38
1;145;7;10092;raticate-alola;0;9;Dark;28;10092;1;20;17;17;255
1;145;14;10093;raticate-totem-alola;0;9;Dark;29;10093;1;20;17;17;1050
1;112;4;10094;pikachu-original-cap;0;9;Electric;36;10094;1;25;13;13;60
1;112;4;10095;pikachu-hoenn-cap;0;9;Electric;37;10095;1;25;13;13;60
1;112;4;10096;pikachu-sinnoh-cap;0;9;Electric;38;10096;1;25;13;13;60
1;112;4;10097;pikachu-unova-cap;0;9;Electric;39;10097;1;25;13;13;60
1;112;4;10098;pikachu-kalos-cap;0;9;Electric;40;10098;1;25;13;13;60
1;112;4;10099;pikachu-alola-cap;0;9;Electric;41;10099;1;25;13;13;60
1;218;7;10100;raichu-alola;0;9;Electric;43;10100;1;26;13;13;210
1;60;7;10101;sandshrew-alola;0;9;Ice;45;10101;1;27;15;15;400
1;158;12;10102;sandslash-alola;0;9;Ice;47;10102;1;28;15;15;550
1;60;6;10103;vulpix-alola;0;9;Ice;58;10103;1;37;15;15;99
1;177;11;10104;ninetales-alola;0;9;Ice;60;10104;1;38;15;15;199
1;53;2;10105;diglett-alola;0;9;Ground;76;10105;1;50;5;5;10
1;149;7;10106;dugtrio-alola;0;9;Ground;78;10106;1;51;5;5;666
1;58;4;10107;meowth-alola;0;9;Dark;80;10107;1;52;17;17;42
1;154;11;10108;persian-alola;0;9;Dark;82;10108;1;53;17;17;330
1;60;4;10109;geodude-alola;0;9;Rock;106;10109;1;74;6;6;203
1;137;10;10110;graveler-alola;0;9;Rock;108;10110;1;75;6;6;1100
1;223;17;10111;golem-alola;0;9;Rock;110;10111;1;76;6;6;3160
1;65;7;10112;grimer-alola;0;9;Poison;126;10112;1;88;4;4;420
1;175;10;10113;muk-alola;0;9;Poison;128;10113;1;89;4;4;520
1;186;109;10114;exeggutor-alola;0;9;Grass;146;10114;1;103;12;12;4156
1;149;10;10115;marowak-alola;0;9;Fire;149;10115;1;105;10;10;340
1;239;15;10116;greninja-battle-bond;0;9;Water;758;10116;1;658;11;11;400
1;288;15;10117;greninja-ash;0;9;Water;759;10117;1;658;11;11;400
1;219;12;10118;zygarde-10;0;9;Dragon;828;10118;1;718;16;16;335
1;270;50;10119;zygarde-50;0;9;Dragon;829;10119;1;718;16;16;3050
1;319;45;10120;zygarde-complete;0;9;Dragon;830;10120;1;718;16;16;6100
1;146;14;10121;gumshoos-totem;0;9;Normal;850;10121;1;735;1;1;600
1;225;26;10122;vikavolt-totem;0;9;Bug;854;10122;1;738;7;7;1475
1;167;6;10123;oricorio-pom-pom;0;9;Electric;858;10123;1;741;13;13;34
1;167;6;10124;oricorio-pau;0;9;Psychic;859;10124;1;741;14;14;34
1;167;6;10125;oricorio-sensu;0;9;Ghost;860;10125;1;741;8;8;34
1;170;11;10126;lycanroc-midnight;0;9;Rock;865;10126;1;745;6;6;250
1;217;82;10127;wishiwashi-school;0;9;Water;867;10127;1;746;11;11;786
1;168;15;10128;lurantis-totem;0;9;Grass;876;10128;1;754;12;12;580
1;168;21;10129;salazzle-totem;0;9;Poison;881;10129;1;758;4;4;810
1;154;3;10130;minior-orange-meteor;0;9;Rock;898;10130;1;774;6;6;400
1;154;3;10131;minior-yellow-meteor;0;9;Rock;899;10131;1;774;6;6;400
1;154;3;10132;minior-green-meteor;0;9;Rock;900;10132;1;774;6;6;400
1;154;3;10133;minior-blue-meteor;0;9;Rock;901;10133;1;774;6;6;400
1;154;3;10134;minior-indigo-meteor;0;9;Rock;902;10134;1;774;6;6;400
1;154;3;10135;minior-violet-meteor;0;9;Rock;903;10135;1;774;6;6;400
1;175;3;10136;minior-red;0;9;Rock;904;10136;1;774;6;6;3
1;175;3;10137;minior-orange;0;9;Rock;905;10137;1;774;6;6;3
1;175;3;10138;minior-yellow;0;9;Rock;906;10138;1;774;6;6;3
1;175;3;10139;minior-green;0;9;Rock;907;10139;1;774;6;6;3
1;175;3;10140;minior-blue;0;9;Rock;908;10140;1;774;6;6;3
1;175;3;10141;minior-indigo;0;9;Rock;909;10141;1;774;6;6;3
1;175;3;10142;minior-violet;0;9;Rock;910;10142;1;774;6;6;3
1;167;2;10143;mimikyu-busted;0;9;Ghost;915;10143;1;778;8;8;7
1;167;4;10144;mimikyu-totem-disguised;0;9;Ghost;916;10144;1;778;8;8;28
1;167;4;10145;mimikyu-totem-busted;0;9;Ghost;917;10145;1;778;8;8;28
1;270;24;10146;kommo-o-totem;0;9;Dragon;924;10146;1;784;16;16;2075
1;120;10;10147;magearna-original;0;9;Steel;942;10147;1;801;9;9;805
1;64;7;1;bulbasaur;1;9;Poison;1;1;2;1;4;4;69
1;142;10;2;ivysaur;1;9;Poison;2;2;2;2;4;4;130
1;236;20;3;venusaur;1;9;Poison;3;3;2;3;4;4;1000
1;240;17;6;charizard;1;9;Flying;7;6;2;6;3;3;905
1;178;11;12;butterfree;1;9;Flying;16;12;2;12;3;3;320
1;39;3;13;weedle;1;9;Poison;17;13;2;13;4;4;32
1;72;6;14;kakuna;1;9;Poison;18;14;2;14;4;4;100
1;178;10;15;beedrill;1;9;Poison;19;15;2;15;4;4;295
1;50;3;16;pidgey;1;9;Flying;21;16;2;16;3;3;18
1;122;11;17;pidgeotto;1;9;Flying;22;17;2;17;3;3;300
1;216;15;18;pidgeot;1;9;Flying;23;18;2;18;3;3;395
1;52;3;21;spearow;1;9;Flying;30;21;2;21;3;3;20
1;155;12;22;fearow;1;9;Flying;31;22;2;22;3;3;380
1;227;13;31;nidoqueen;1;9;Ground;50;31;2;31;5;5;600
1;227;14;34;nidoking;1;9;Ground;53;34;2;34;5;5;620
1;95;5;39;jigglypuff;1;9;Fairy;62;39;2;39;18;18;55
1;196;10;40;wigglytuff;1;9;Fairy;63;40;2;40;18;18;120
1;49;8;41;zubat;1;9;Flying;64;41;2;41;3;3;75
1;159;16;42;golbat;1;9;Flying;65;42;2;42;3;3;550
1;64;5;43;oddish;1;9;Poison;67;43;2;43;4;4;54
1;138;8;44;gloom;1;9;Poison;68;44;2;44;4;4;86
1;221;12;45;vileplume;1;9;Poison;69;45;2;45;4;4;186
1;57;3;46;paras;1;9;Grass;71;46;2;46;12;12;54
1;142;10;47;parasect;1;9;Grass;72;47;2;47;12;12;295
1;61;10;48;venonat;1;9;Poison;73;48;2;48;4;4;300
1;158;15;49;venomoth;1;9;Poison;74;49;2;49;4;4;125
1;230;13;62;poliwrath;1;9;Fighting;91;62;2;62;2;2;540
1;60;7;69;bellsprout;1;9;Poison;100;69;2;69;4;4;40
1;137;10;70;weepinbell;1;9;Poison;101;70;2;70;4;4;64
1;221;17;71;victreebel;1;9;Poison;102;71;2;71;4;4;155
1;67;9;72;tentacool;1;9;Poison;103;72;2;72;4;4;455
1;180;16;73;tentacruel;1;9;Poison;104;73;2;73;4;4;550
1;60;4;74;geodude;1;9;Ground;105;74;2;74;5;5;200
1;137;10;75;graveler;1;9;Ground;107;75;2;75;5;5;1050
1;223;14;76;golem;1;9;Ground;109;76;2;76;5;5;3000
1;63;12;79;slowpoke;1;9;Psychic;113;79;2;79;14;14;360
1;172;16;80;slowbro;1;9;Psychic;114;80;2;80;14;14;785
1;65;3;81;magnemite;1;9;Steel;117;81;2;81;9;9;60
1;163;10;82;magneton;1;9;Steel;118;82;2;82;9;9;600
1;132;8;83;farfetchd;1;9;Flying;120;83;2;83;3;3;150
1;62;14;84;doduo;1;9;Flying;121;84;2;84;3;3;392
1;165;18;85;dodrio;1;9;Flying;122;85;2;85;3;3;852
1;166;17;87;dewgong;1;9;Ice;124;87;2;87;15;15;1200
1;184;15;91;cloyster;1;9;Ice;130;91;2;91;15;15;1325
1;62;13;92;gastly;1;9;Poison;131;92;2;92;4;4;1
1;142;16;93;haunter;1;9;Poison;132;93;2;93;4;4;1
1;225;15;94;gengar;1;9;Poison;133;94;2;94;4;4;405
1;77;88;95;onix;1;9;Ground;135;95;2;95;5;5;2100
1;65;4;102;exeggcute;1;9;Psychic;144;102;2;102;14;14;25
1;186;20;103;exeggutor;1;9;Psychic;145;103;2;103;14;14;1200
1;69;10;111;rhyhorn;1;9;Rock;158;111;2;111;6;6;1150
1;170;19;112;rhydon;1;9;Rock;159;112;2;112;6;6;1200
1;182;11;121;starmie;1;9;Psychic;174;121;2;121;14;14;800
1;161;13;122;mr-mime;1;9;Fairy;176;122;2;122;18;18;545
1;100;15;123;scyther;1;9;Flying;177;123;2;123;3;3;560
1;159;14;124;jynx;1;9;Psychic;181;124;2;124;14;14;406
1;189;65;130;gyarados;1;9;Flying;192;130;2;130;3;3;2350
1;187;25;131;lapras;1;9;Ice;194;131;2;131;15;15;2200
1;71;4;138;omanyte;1;9;Water;208;138;2;138;11;11;75
1;173;10;139;omastar;1;9;Water;209;139;2;139;11;11;350
1;71;5;140;kabuto;1;9;Water;210;140;2;140;11;11;115
1;173;13;141;kabutops;1;9;Water;211;141;2;141;11;11;405
1;180;18;142;aerodactyl;1;9;Flying;212;142;2;142;3;3;590
1;261;17;144;articuno;1;9;Flying;216;144;2;144;3;3;554
1;261;16;145;zapdos;1;9;Flying;217;145;2;145;3;3;526
1;261;20;146;moltres;1;9;Flying;218;146;2;146;3;3;600
1;270;22;149;dragonite;1;9;Flying;221;149;2;149;3;3;2100
1;52;7;163;hoothoot;1;9;Flying;237;163;2;163;3;3;212
1;158;16;164;noctowl;1;9;Flying;238;164;2;164;3;3;408
1;53;10;165;ledyba;1;9;Flying;239;165;2;165;3;3;108
1;137;14;166;ledian;1;9;Flying;240;166;2;166;3;3;356
1;50;5;167;spinarak;1;9;Poison;241;167;2;167;4;4;85
1;140;11;168;ariados;1;9;Poison;242;168;2;168;4;4;335
1;241;18;169;crobat;1;9;Flying;66;169;2;169;3;3;750
1;66;5;170;chinchou;1;9;Electric;243;170;2;170;13;13;120
1;161;12;171;lanturn;1;9;Electric;244;171;2;171;13;13;225
1;42;3;174;igglybuff;1;9;Fairy;61;174;2;174;18;18;10
1;142;6;176;togetic;1;9;Flying;246;176;2;176;3;3;32
1;64;2;177;natu;1;9;Flying;248;177;2;177;3;3;20
1;165;15;178;xatu;1;9;Flying;249;178;2;178;3;3;150
1;88;4;183;marill;1;9;Fairy;255;183;2;183;18;18;85
1;189;8;184;azumarill;1;9;Fairy;256;184;2;184;18;18;285
1;50;4;187;hoppip;1;9;Flying;259;187;2;187;3;3;5
1;119;6;188;skiploom;1;9;Flying;260;188;2;188;3;3;10
1;207;8;189;jumpluff;1;9;Flying;261;189;2;189;3;3;30
1;78;12;193;yanma;1;9;Flying;266;193;2;193;3;3;380
1;42;4;194;wooper;1;9;Ground;268;194;2;194;5;5;85
1;151;14;195;quagsire;1;9;Ground;269;195;2;195;5;5;750
1;81;5;198;murkrow;1;9;Flying;270;198;2;198;3;3;21
1;172;20;199;slowking;1;9;Psychic;116;199;2;199;14;14;795
1;159;15;203;girafarig;1;9;Psychic;277;203;2;203;14;14;415
1;163;12;205;forretress;1;9;Steel;279;205;2;205;9;9;1258
1;86;11;207;gligar;1;9;Flying;281;207;2;207;3;3;648
1;179;92;208;steelix;1;9;Ground;136;208;2;208;5;5;4000
1;88;5;211;qwilfish;1;9;Poison;285;211;2;211;4;4;39
1;175;18;212;scizor;1;9;Steel;178;212;2;212;9;9;1180
1;177;6;213;shuckle;1;9;Rock;286;213;2;213;6;6;205
1;175;15;214;heracross;1;9;Fighting;287;214;2;214;2;2;540
1;86;9;215;sneasel;1;9;Ice;289;215;2;215;15;15;280
1;151;8;219;magcargo;1;9;Rock;294;219;2;219;6;6;550
1;50;4;220;swinub;1;9;Ground;295;220;2;220;5;5;65
1;158;11;221;piloswine;1;9;Ground;296;221;2;221;5;5;558
1;144;6;222;corsola;1;9;Rock;298;222;2;222;6;6;50
1;116;9;225;delibird;1;9;Flying;301;225;2;225;3;3;160
1;170;21;226;mantine;1;9;Flying;303;226;2;226;3;3;2200
1;163;17;227;skarmory;1;9;Flying;304;227;2;227;3;3;505
1;66;6;228;houndour;1;9;Fire;305;228;2;228;10;10;108
1;175;14;229;houndoom;1;9;Fire;306;229;2;229;10;10;350
1;243;18;230;kingdra;1;9;Dragon;170;230;2;230;16;16;1520
1;61;4;238;smoochum;1;9;Psychic;180;238;2;238;14;14;60
1;60;6;246;larvitar;1;9;Ground;316;246;2;246;5;5;720
1;144;12;247;pupitar;1;9;Ground;317;247;2;247;5;5;1520
1;270;20;248;tyranitar;1;9;Dark;318;248;2;248;17;17;2020
1;306;52;249;lugia;1;9;Flying;320;249;2;249;3;3;2160
1;306;38;250;ho-oh;1;9;Flying;321;250;2;250;3;3;1990
1;270;6;251;celebi;1;9;Grass;322;251;2;251;12;12;50
1;142;9;256;combusken;1;9;Fighting;328;256;2;256;2;2;195
1;239;19;257;blaziken;1;9;Fighting;329;257;2;257;2;2;520
1;142;7;259;marshtomp;1;9;Ground;332;259;2;259;5;5;280
1;241;15;260;swampert;1;9;Ground;333;260;2;260;5;5;819
1;178;10;267;beautifly;1;9;Flying;341;267;2;267;3;3;284
1;173;12;269;dustox;1;9;Poison;343;269;2;269;4;4;316
1;44;5;270;lotad;1;9;Grass;344;270;2;270;12;12;26
1;119;12;271;lombre;1;9;Grass;345;271;2;271;12;12;325
1;216;15;272;ludicolo;1;9;Grass;346;272;2;272;12;12;550
1;119;10;274;nuzleaf;1;9;Dark;348;274;2;274;17;17;280
1;216;13;275;shiftry;1;9;Dark;349;275;2;275;17;17;596
1;54;3;276;taillow;1;9;Flying;350;276;2;276;3;3;23
1;159;7;277;swellow;1;9;Flying;351;277;2;277;3;3;198
1;54;6;278;wingull;1;9;Flying;352;278;2;278;3;3;95
1;154;12;279;pelipper;1;9;Flying;353;279;2;279;3;3;280
1;40;4;280;ralts;1;9;Fairy;354;280;2;280;18;18;66
1;97;8;281;kirlia;1;9;Fairy;355;281;2;281;18;18;202
1;233;16;282;gardevoir;1;9;Fairy;356;282;2;282;18;18;484
1;54;5;283;surskit;1;9;Water;360;283;2;283;11;11;17
1;159;8;284;masquerain;1;9;Flying;361;284;2;284;3;3;36
1;161;12;286;breloom;1;9;Fighting;363;286;2;286;2;2;392
1;53;5;290;nincada;1;9;Ground;367;290;2;290;5;5;55
1;160;8;291;ninjask;1;9;Flying;368;291;2;291;3;3;120
1;83;8;292;shedinja;1;9;Ghost;369;292;2;292;8;8;12
1;38;2;298;azurill;1;9;Fairy;254;298;2;298;18;18;20
1;133;5;302;sableye;1;9;Ghost;379;302;2;302;8;8;110
1;133;6;303;mawile;1;9;Fairy;381;303;2;303;18;18;115
1;66;4;304;aron;1;9;Rock;383;304;2;304;6;6;600
1;151;9;305;lairon;1;9;Rock;384;305;2;305;6;6;1200
1;239;21;306;aggron;1;9;Rock;385;306;2;306;6;6;3600
1;56;6;307;meditite;1;9;Psychic;387;307;2;307;14;14;112
1;144;13;308;medicham;1;9;Psychic;388;308;2;308;14;14;315
1;140;3;315;roselia;1;9;Poison;398;315;2;315;4;4;20
1;61;8;318;carvanha;1;9;Dark;402;318;2;318;17;17;208
1;161;18;319;sharpedo;1;9;Dark;403;319;2;319;17;17;888
1;61;7;322;numel;1;9;Ground;407;322;2;322;5;5;240
1;161;19;323;camerupt;1;9;Ground;408;323;2;323;5;5;2200
1;119;11;329;vibrava;1;9;Dragon;415;329;2;329;16;16;153
1;234;20;330;flygon;1;9;Dragon;416;330;2;330;16;16;820
1;166;13;332;cacturne;1;9;Dark;418;332;2;332;17;17;774
1;62;4;333;swablu;1;9;Flying;419;333;2;333;3;3;12
1;172;11;334;altaria;1;9;Flying;420;334;2;334;3;3;206
1;161;10;337;lunatone;1;9;Psychic;424;337;2;337;14;14;1680
1;161;12;338;solrock;1;9;Psychic;425;338;2;338;14;14;1540
1;58;4;339;barboach;1;9;Ground;426;339;2;339;5;5;19
1;164;9;340;whiscash;1;9;Ground;427;340;2;340;5;5;236
1;164;11;342;crawdaunt;1;9;Dark;429;342;2;342;17;17;328
1;60;5;343;baltoy;1;9;Psychic;430;343;2;343;14;14;215
1;175;15;344;claydol;1;9;Psychic;431;344;2;344;14;14;1080
1;71;10;345;lileep;1;9;Grass;432;345;2;345;12;12;238
1;173;15;346;cradily;1;9;Grass;433;346;2;346;12;12;604
1;71;7;347;anorith;1;9;Bug;434;347;2;347;7;7;125
1;173;15;348;armaldo;1;9;Bug;435;348;2;348;7;7;682
1;161;20;357;tropius;1;9;Flying;449;357;2;357;3;3;1000
1;58;8;363;spheal;1;9;Water;458;363;2;363;11;11;395
1;144;11;364;sealeo;1;9;Water;459;364;2;364;11;11;876
1;239;14;365;walrein;1;9;Water;460;365;2;365;11;11;1506
1;170;10;369;relicanth;1;9;Rock;464;369;2;369;6;6;234
1;270;15;373;salamence;1;9;Flying;468;373;2;373;3;3;1026
1;60;6;374;beldum;1;9;Psychic;470;374;2;374;14;14;952
1;147;12;375;metang;1;9;Psychic;471;375;2;375;14;14;2025
1;270;16;376;metagross;1;9;Psychic;472;376;2;376;14;14;5500
1;270;14;380;latias;1;9;Psychic;477;380;2;380;14;14;400
1;270;20;381;latios;1;9;Psychic;479;381;2;381;14;14;600
1;306;70;384;rayquaza;1;9;Flying;485;384;2;384;3;3;2065
1;270;3;385;jirachi;1;9;Psychic;487;385;2;385;14;14;11
1;236;22;389;torterra;1;9;Ground;494;389;2;389;5;5;3100
1;142;9;391;monferno;1;9;Fighting;496;391;2;391;2;2;220
1;240;12;392;infernape;1;9;Fighting;497;392;2;392;2;2;550
1;239;17;395;empoleon;1;9;Steel;500;395;2;395;9;9;845
1;49;3;396;starly;1;9;Flying;501;396;2;396;3;3;20
1;119;6;397;staravia;1;9;Flying;502;397;2;397;3;3;155
1;218;12;398;staraptor;1;9;Flying;503;398;2;398;3;3;249
1;144;10;400;bibarel;1;9;Water;505;400;2;400;11;11;315
1;56;2;406;budew;1;9;Poison;397;406;2;406;4;4;12
1;232;9;407;roserade;1;9;Poison;399;407;2;407;4;4;145
1;70;5;410;shieldon;1;9;Steel;513;410;2;410;9;9;570
1;173;13;411;bastiodon;1;9;Steel;514;411;2;411;9;9;1495
1;148;5;413;wormadam-plant;1;9;Grass;516;413;2;413;12;12;65
1;148;9;414;mothim;1;9;Flying;519;414;2;414;3;3;233
1;49;3;415;combee;1;9;Flying;520;415;2;415;3;3;55
1;166;12;416;vespiquen;1;9;Flying;521;416;2;416;3;3;385
1;166;9;423;gastrodon;1;9;Ground;528;423;2;423;5;5;299
1;70;4;425;drifloon;1;9;Flying;529;425;2;425;3;3;12
1;174;12;426;drifblim;1;9;Flying;530;426;2;426;3;3;150
1;177;9;430;honchkrow;1;9;Flying;271;430;2;430;3;3;273
1;66;4;434;stunky;1;9;Dark;536;434;2;434;17;17;192
1;168;10;435;skuntank;1;9;Dark;537;435;2;435;17;17;380
1;60;5;436;bronzor;1;9;Psychic;538;436;2;436;14;14;605
1;175;13;437;bronzong;1;9;Psychic;539;437;2;437;14;14;1870
1;62;6;439;mime-jr;1;9;Fairy;175;439;2;439;18;18;130
1;144;5;441;chatot;1;9;Flying;540;441;2;441;3;3;19
1;170;10;442;spiritomb;1;9;Dark;541;442;2;442;17;17;1080
1;60;7;443;gible;1;9;Ground;542;443;2;443;5;5;205
1;144;14;444;gabite;1;9;Ground;543;444;2;444;5;5;560
1;270;19;445;garchomp;1;9;Ground;544;445;2;445;5;5;950
1;184;12;448;lucario;1;9;Steel;547;448;2;448;9;9;540
1;66;8;451;skorupi;1;9;Bug;551;451;2;451;7;7;120
1;175;13;452;drapion;1;9;Dark;552;452;2;452;17;17;615
1;60;7;453;croagunk;1;9;Fighting;553;453;2;453;2;2;230
1;172;13;454;toxicroak;1;9;Fighting;554;454;2;454;2;2;444
1;69;10;458;mantyke;1;9;Flying;302;458;2;458;3;3;650
1;67;10;459;snover;1;9;Ice;558;459;2;459;15;15;505
1;173;22;460;abomasnow;1;9;Ice;559;460;2;460;15;15;1355
1;179;11;461;weavile;1;9;Ice;290;461;2;461;15;15;340
1;241;12;462;magnezone;1;9;Steel;119;462;2;462;9;9;1800
1;241;24;464;rhyperior;1;9;Rock;160;464;2;464;6;6;2828
1;245;15;468;togekiss;1;9;Flying;247;468;2;468;3;3;380
1;180;19;469;yanmega;1;9;Flying;267;469;2;469;3;3;515
1;179;20;472;gliscor;1;9;Flying;282;472;2;472;3;3;425
1;239;25;473;mamoswine;1;9;Ground;297;473;2;473;5;5;2910
1;233;16;475;gallade;1;9;Fighting;358;475;2;475;2;2;520
1;184;14;476;probopass;1;9;Steel;376;476;2;476;9;9;3400
1;168;13;478;froslass;1;9;Ghost;457;478;2;478;8;8;266
1;154;3;479;rotom;1;9;Ghost;561;479;2;479;8;8;3
1;306;54;483;dialga;1;9;Dragon;570;483;2;483;16;16;6830
1;306;42;484;palkia;1;9;Dragon;571;484;2;484;16;16;3360
1;270;17;485;heatran;1;9;Steel;572;485;2;485;9;9;4300
1;306;45;487;giratina-altered;1;9;Dragon;574;487;2;487;16;16;7500
1;270;4;494;victini;1;9;Fire;583;494;2;494;10;10;40
1;146;10;499;pignite;1;9;Fighting;588;499;2;499;2;2;555
1;238;16;500;emboar;1;9;Fighting;589;500;2;500;2;2;1500
1;53;3;519;pidove;1;9;Flying;608;519;2;519;3;3;21
1;125;6;520;tranquill;1;9;Flying;609;520;2;520;3;3;150
1;220;12;521;unfezant;1;9;Flying;610;521;2;521;3;3;290
1;65;4;527;woobat;1;9;Flying;616;527;2;527;3;3;21
1;149;9;528;swoobat;1;9;Flying;617;528;2;528;3;3;105
1;178;7;530;excadrill;1;9;Steel;619;530;2;530;9;9;404
1;134;8;536;palpitoad;1;9;Ground;626;536;2;536;5;5;170
1;229;15;537;seismitoad;1;9;Ground;627;537;2;537;5;5;620
1;62;3;540;sewaddle;1;9;Grass;630;540;2;540;12;12;25
1;133;5;541;swadloon;1;9;Grass;631;541;2;541;12;12;73
1;225;12;542;leavanny;1;9;Grass;632;542;2;542;12;12;205
1;52;4;543;venipede;1;9;Poison;633;543;2;543;4;4;53
1;126;12;544;whirlipede;1;9;Poison;634;544;2;544;4;4;585
1;218;25;545;scolipede;1;9;Poison;635;545;2;545;4;4;2005
1;56;3;546;cottonee;1;9;Fairy;636;546;2;546;18;18;6
1;168;7;547;whimsicott;1;9;Fairy;637;547;2;547;18;18;66
1;58;7;551;sandile;1;9;Dark;642;551;2;551;17;17;152
1;123;10;552;krokorok;1;9;Dark;643;552;2;552;17;17;334
1;234;15;553;krookodile;1;9;Dark;644;553;2;553;17;17;963
1;65;3;557;dwebble;1;9;Rock;649;557;2;557;6;6;145
1;170;14;558;crustle;1;9;Rock;650;558;2;558;6;6;2000
1;70;6;559;scraggy;1;9;Fighting;651;559;2;559;2;2;118
1;171;11;560;scrafty;1;9;Fighting;652;560;2;560;2;2;300
1;172;14;561;sigilyph;1;9;Flying;653;561;2;561;3;3;140
1;71;7;564;tirtouga;1;9;Rock;656;564;2;564;6;6;165
1;173;12;565;carracosta;1;9;Rock;657;565;2;565;6;6;810
1;71;5;566;archen;1;9;Flying;658;566;2;566;3;3;95
1;177;14;567;archeops;1;9;Flying;659;567;2;567;3;3;320
1;61;5;580;ducklett;1;9;Flying;672;580;2;580;3;3;55
1;166;13;581;swanna;1;9;Flying;673;581;2;581;3;3;242
1;67;6;585;deerling;1;9;Grass;677;585;2;585;12;12;195
1;166;19;586;sawsbuck;1;9;Grass;678;586;2;586;12;12;925
1;150;4;587;emolga;1;9;Flying;679;587;2;587;3;3;50
1;173;10;589;escavalier;1;9;Steel;681;589;2;589;9;9;330
1;59;2;590;foongus;1;9;Poison;682;590;2;590;4;4;10
1;162;6;591;amoonguss;1;9;Poison;683;591;2;591;4;4;105
1;67;12;592;frillish;1;9;Ghost;684;592;2;592;8;8;330
1;168;22;593;jellicent;1;9;Ghost;685;593;2;593;8;8;1350
1;64;1;595;joltik;1;9;Electric;687;595;2;595;13;13;6
1;165;8;596;galvantula;1;9;Electric;688;596;2;596;13;13;143
1;61;6;597;ferroseed;1;9;Steel;689;597;2;597;9;9;188
1;171;10;598;ferrothorn;1;9;Steel;690;598;2;598;9;9;1100
1;55;3;607;litwick;1;9;Fire;699;607;2;607;10;10;31
1;130;6;608;lampent;1;9;Fire;700;608;2;608;10;10;130
1;234;10;609;chandelure;1;9;Fire;701;609;2;609;10;10;343
1;165;7;618;stunfisk;1;9;Electric;710;618;2;618;13;13;110
1;61;10;622;golett;1;9;Ghost;714;622;2;622;8;8;920
1;169;28;623;golurk;1;9;Ghost;715;623;2;623;8;8;3300
1;68;5;624;pawniard;1;9;Steel;716;624;2;624;9;9;102
1;172;16;625;bisharp;1;9;Steel;717;625;2;625;9;9;700
1;70;5;627;rufflet;1;9;Flying;719;627;2;627;3;3;105
1;179;15;628;braviary;1;9;Flying;720;628;2;628;3;3;410
1;74;5;629;vullaby;1;9;Flying;721;629;2;629;3;3;90
1;179;12;630;mandibuzz;1;9;Flying;722;630;2;630;3;3;395
1;169;3;632;durant;1;9;Steel;724;632;2;632;9;9;330
1;60;8;633;deino;1;9;Dragon;725;633;2;633;16;16;173
1;147;14;634;zweilous;1;9;Dragon;726;634;2;634;16;16;500
1;270;18;635;hydreigon;1;9;Dragon;727;635;2;635;16;16;1600
1;72;11;636;larvesta;1;9;Fire;728;636;2;636;10;10;288
1;248;16;637;volcarona;1;9;Fire;729;637;2;637;10;10;460
1;261;21;638;cobalion;1;9;Fighting;730;638;2;638;2;2;2500
1;261;19;639;terrakion;1;9;Fighting;731;639;2;639;2;2;2600
1;261;20;640;virizion;1;9;Fighting;732;640;2;640;2;2;2000
1;261;15;642;thundurus-incarnate;1;9;Flying;735;642;2;642;3;3;610
1;306;32;643;reshiram;1;9;Fire;737;643;2;643;10;10;3300
1;306;29;644;zekrom;1;9;Electric;738;644;2;644;13;13;3450
1;270;15;645;landorus-incarnate;1;9;Flying;739;645;2;645;3;3;680
1;297;30;646;kyurem;1;9;Ice;741;646;2;646;15;15;3250
1;261;14;647;keldeo-ordinary;1;9;Fighting;744;647;2;647;2;2;485
1;270;6;648;meloetta-aria;1;9;Psychic;746;648;2;648;14;14;65
1;270;15;649;genesect;1;9;Steel;748;649;2;649;9;9;825
1;239;16;652;chesnaught;1;9;Fighting;751;652;2;652;2;2;900
1;240;15;655;delphox;1;9;Psychic;754;655;2;655;14;14;390
1;239;15;658;greninja;1;9;Dark;757;658;2;658;17;17;400
1;148;10;660;diggersby;1;9;Ground;761;660;2;660;5;5;424
1;56;3;661;fletchling;1;9;Flying;762;661;2;661;3;3;17
1;134;7;662;fletchinder;1;9;Flying;763;662;2;662;3;3;160
1;175;12;663;talonflame;1;9;Flying;764;663;2;663;3;3;245
1;185;12;666;vivillon;1;9;Flying;767;666;2;666;3;3;170
1;74;6;667;litleo;1;9;Normal;768;667;2;667;1;1;135
1;177;15;668;pyroar;1;9;Normal;769;668;2;668;1;1;815
1;173;21;675;pangoro;1;9;Dark;777;675;2;675;17;17;1360
1;65;8;679;honedge;1;9;Ghost;782;679;2;679;8;8;20
1;157;8;680;doublade;1;9;Ghost;783;680;2;680;8;8;45
1;234;17;681;aegislash-shield;1;9;Ghost;784;681;2;681;8;8;530
1;58;4;686;inkay;1;9;Psychic;790;686;2;686;14;14;35
1;169;15;687;malamar;1;9;Psychic;791;687;2;687;14;14;470
1;61;5;688;binacle;1;9;Water;792;688;2;688;11;11;310
1;175;13;689;barbaracle;1;9;Water;793;689;2;689;11;11;960
1;64;5;690;skrelp;1;9;Water;794;690;2;690;11;11;73
1;173;18;691;dragalge;1;9;Dragon;795;691;2;691;16;16;815
1;58;5;694;helioptile;1;9;Normal;798;694;2;694;1;1;60
1;168;10;695;heliolisk;1;9;Normal;799;695;2;695;1;1;210
1;72;8;696;tyrunt;1;9;Dragon;800;696;2;696;16;16;260
1;182;25;697;tyrantrum;1;9;Dragon;801;697;2;697;16;16;2700
1;72;13;698;amaura;1;9;Ice;802;698;2;698;15;15;252
1;104;27;699;aurorus;1;9;Ice;803;699;2;699;15;15;2250
1;175;8;701;hawlucha;1;9;Flying;804;701;2;701;3;3;215
1;151;2;702;dedenne;1;9;Fairy;805;702;2;702;18;18;22
1;100;3;703;carbink;1;9;Fairy;806;703;2;703;18;18;57
1;165;2;707;klefki;1;9;Fairy;810;707;2;707;18;18;30
1;62;4;708;phantump;1;9;Grass;811;708;2;708;12;12;70
1;166;15;709;trevenant;1;9;Grass;812;709;2;709;12;12;710
1;67;4;710;pumpkaboo-average;1;9;Grass;813;710;2;710;12;12;50
1;173;9;711;gourgeist-average;1;9;Grass;817;711;2;711;12;12;125
1;49;5;714;noibat;1;9;Dragon;823;714;2;714;16;16;80
1;187;15;715;noivern;1;9;Dragon;824;715;2;715;16;16;850
1;306;58;717;yveltal;1;9;Flying;826;717;2;717;3;3;2030
1;270;50;718;zygarde;1;9;Ground;827;718;2;718;5;5;3050
1;270;7;719;diancie;1;9;Fairy;831;719;2;719;18;18;88
1;270;5;720;hoopa;1;9;Ghost;833;720;2;720;8;8;90
1;270;17;721;volcanion;1;9;Water;835;721;2;721;11;11;1950
1;64;3;722;rowlet;1;9;Flying;836;722;2;722;3;3;15
1;147;7;723;dartrix;1;9;Flying;837;723;2;723;3;3;160
1;239;16;724;decidueye;1;9;Ghost;838;724;2;724;8;8;366
1;239;18;727;incineroar;1;9;Dark;841;727;2;727;17;17;830
1;239;18;730;primarina;1;9;Fairy;844;730;2;730;18;18;440
1;53;3;731;pikipek;1;9;Flying;845;731;2;731;3;3;12
1;124;6;732;trumbeak;1;9;Flying;846;732;2;732;3;3;148
1;218;11;733;toucannon;1;9;Flying;847;733;2;733;3;3;260
1;140;5;737;charjabug;1;9;Electric;852;737;2;737;13;13;105
1;225;15;738;vikavolt;1;9;Electric;853;738;2;738;13;13;450
1;167;17;740;crabominable;1;9;Ice;856;740;2;740;15;15;1800
1;167;6;741;oricorio-baile;1;9;Flying;857;741;2;741;3;3;34
1;61;1;742;cutiefly;1;9;Fairy;861;742;2;742;18;18;2
1;162;2;743;ribombee;1;9;Fairy;862;743;2;743;18;18;5
1;61;4;747;mareanie;1;9;Water;868;747;2;747;11;11;80
1;173;7;748;toxapex;1;9;Water;869;748;2;748;11;11;145
1;54;3;751;dewpider;1;9;Bug;872;751;2;751;7;7;40
1;159;18;752;araquanid;1;9;Bug;873;752;2;752;7;7;820
1;57;2;755;morelull;1;9;Fairy;877;755;2;755;18;18;15
1;142;10;756;shiinotic;1;9;Fairy;878;756;2;756;18;18;115
1;64;6;757;salandit;1;9;Fire;879;757;2;757;10;10;48
1;168;12;758;salazzle;1;9;Fire;880;758;2;758;10;10;222
1;68;5;759;stufful;1;9;Fighting;882;759;2;759;2;2;68
1;175;21;760;bewear;1;9;Fighting;883;760;2;760;2;2;1350
1;172;15;765;oranguru;1;9;Psychic;888;765;2;765;14;14;760
1;46;5;767;wimpod;1;9;Water;890;767;2;767;11;11;120
1;186;20;768;golisopod;1;9;Water;891;768;2;768;11;11;1080
1;64;5;769;sandygast;1;9;Ground;892;769;2;769;5;5;700
1;168;13;770;palossand;1;9;Ground;893;770;2;770;5;5;2500
1;154;3;774;minior-red-meteor;1;9;Flying;897;774;2;774;3;3;400
1;170;20;776;turtonator;1;9;Dragon;912;776;2;776;16;16;2120
1;152;3;777;togedemaru;1;9;Steel;913;777;2;777;9;9;33
1;167;2;778;mimikyu-disguised;1;9;Fairy;914;778;2;778;18;18;7
1;166;9;779;bruxish;1;9;Psychic;918;779;2;779;14;14;190
1;170;30;780;drampa;1;9;Dragon;919;780;2;780;16;16;1850
1;181;39;781;dhelmise;1;9;Grass;920;781;2;781;12;12;2100
1;147;12;783;hakamo-o;1;9;Fighting;922;783;2;783;2;2;470
1;270;16;784;kommo-o;1;9;Fighting;923;784;2;784;2;2;782
1;114;18;785;tapu-koko;1;9;Fairy;925;785;2;785;18;18;205
1;114;12;786;tapu-lele;1;9;Fairy;926;786;2;786;18;18;186
1;114;19;787;tapu-bulu;1;9;Fairy;927;787;2;787;18;18;455
1;114;13;788;tapu-fini;1;9;Fairy;928;788;2;788;18;18;212
1;136;34;791;solgaleo;1;9;Steel;931;791;2;791;9;9;2300
1;136;40;792;lunala;1;9;Ghost;932;792;2;792;8;8;1200
1;114;12;793;nihilego;1;9;Poison;933;793;2;793;4;4;555
1;114;24;794;buzzwole;1;9;Fighting;934;794;2;794;2;2;3336
1;114;18;795;pheromosa;1;9;Fighting;935;795;2;795;2;2;250
1;114;92;797;celesteela;1;9;Flying;937;797;2;797;3;3;9999
1;114;3;798;kartana;1;9;Steel;938;798;2;798;9;9;1
1;114;55;799;guzzlord;1;9;Dragon;939;799;2;799;16;16;8880
1;120;10;801;magearna;1;9;Fairy;941;801;2;801;18;18;805
1;120;7;802;marshadow;1;9;Ghost;943;802;2;802;8;8;222
1;148;5;10004;wormadam-sandy;0;9;Ground;517;10004;2;413;5;5;65
1;148;5;10005;wormadam-trash;0;9;Steel;518;10005;2;413;9;9;65
1;270;4;10006;shaymin-sky;0;9;Flying;581;10006;2;492;3;3;52
1;306;69;10007;giratina-origin;0;9;Dragon;575;10007;2;487;16;16;6500
1;182;3;10008;rotom-heat;0;9;Fire;562;10008;2;479;10;10;3
1;182;3;10009;rotom-wash;0;9;Water;563;10009;2;479;11;11;3
1;182;3;10010;rotom-frost;0;9;Ice;564;10010;2;479;15;15;3
1;182;3;10011;rotom-fan;0;9;Flying;565;10011;2;479;3;3;3
1;182;3;10012;rotom-mow;0;9;Grass;566;10012;2;479;12;12;3
1;189;13;10017;darmanitan-zen;0;9;Psychic;647;10017;2;555;14;14;929
1;270;6;10018;meloetta-pirouette;0;9;Fighting;747;10018;2;648;2;2;65
1;261;30;10020;thundurus-therian;0;9;Flying;736;10020;2;642;3;3;610
1;270;13;10021;landorus-therian;0;9;Flying;740;10021;2;645;3;3;680
1;315;33;10022;kyurem-black;0;9;Ice;743;10022;2;646;15;15;3250
1;315;36;10023;kyurem-white;0;9;Ice;742;10023;2;646;15;15;3250
1;261;14;10024;keldeo-resolute;0;9;Fighting;745;10024;2;647;2;2;485
1;234;17;10026;aegislash-blade;0;9;Ghost;785;10026;2;681;8;8;530
1;67;3;10027;pumpkaboo-small;0;9;Grass;814;10027;2;710;12;12;35
1;67;5;10028;pumpkaboo-large;0;9;Grass;815;10028;2;710;12;12;75
1;67;8;10029;pumpkaboo-super;0;9;Grass;816;10029;2;710;12;12;150
1;173;7;10030;gourgeist-small;0;9;Grass;818;10030;2;711;12;12;95
1;173;11;10031;gourgeist-large;0;9;Grass;819;10031;2;711;12;12;140
1;173;17;10032;gourgeist-super;0;9;Grass;820;10032;2;711;12;12;390
1;281;24;10033;venusaur-mega;0;9;Poison;4;10033;2;3;4;4;1555
1;285;17;10034;charizard-mega-x;0;9;Dragon;8;10034;2;6;16;16;1105
1;285;17;10035;charizard-mega-y;0;9;Flying;9;10035;2;6;3;3;1005
1;270;14;10038;gengar-mega;0;9;Poison;134;10038;2;94;4;4;405
1;210;17;10040;pinsir-mega;0;9;Flying;189;10040;2;127;3;3;590
1;224;65;10041;gyarados-mega;0;9;Dark;193;10041;2;130;17;17;3050
1;215;21;10042;aerodactyl-mega;0;9;Flying;213;10042;2;142;3;3;790
1;351;23;10043;mewtwo-mega-x;0;9;Fighting;223;10043;2;150;2;2;1270
1;275;14;10045;ampharos-mega;0;9;Dragon;253;10045;2;181;16;16;615
1;210;20;10046;scizor-mega;0;9;Steel;179;10046;2;212;9;9;1250
1;210;17;10047;heracross-mega;0;9;Fighting;288;10047;2;214;2;2;625
1;210;19;10048;houndoom-mega;0;9;Fire;307;10048;2;229;10;10;495
1;315;25;10049;tyranitar-mega;0;9;Dark;319;10049;2;248;17;17;2550
1;284;19;10050;blaziken-mega;0;9;Fighting;330;10050;2;257;2;2;520
1;278;16;10051;gardevoir-mega;0;9;Fairy;357;10051;2;282;18;18;484
1;168;10;10052;mawile-mega;0;9;Fairy;382;10052;2;303;18;18;235
1;179;13;10054;medicham-mega;0;9;Psychic;389;10054;2;308;14;14;315
1;315;19;10058;garchomp-mega;0;9;Ground;545;10058;2;445;5;5;950
1;219;13;10059;lucario-mega;0;9;Steel;548;10059;2;448;9;9;575
1;208;27;10060;abomasnow-mega;0;9;Ice;560;10060;2;460;15;15;1850
1;315;18;10062;latias-mega;0;9;Psychic;478;10062;2;380;14;14;520
1;315;23;10063;latios-mega;0;9;Psychic;480;10063;2;381;14;14;700
1;286;19;10064;swampert-mega;0;9;Ground;334;10064;2;260;5;5;1020
1;284;19;10065;sceptile-mega;0;9;Dragon;326;10065;2;254;16;16;552
1;168;5;10066;sableye-mega;0;9;Ghost;380;10066;2;302;8;8;1610
1;207;15;10067;altaria-mega;0;9;Fairy;421;10067;2;334;18;18;206
1;278;16;10068;gallade-mega;0;9;Fighting;359;10068;2;475;2;2;564
1;425;15;10069;audino-mega;0;9;Fairy;621;10069;2;531;18;18;320
1;196;25;10070;sharpedo-mega;0;9;Dark;404;10070;2;319;17;17;1303
1;207;20;10071;slowbro-mega;0;9;Psychic;115;10071;2;80;14;14;1200
1;214;105;10072;steelix-mega;0;9;Ground;137;10072;2;208;5;5;7400
1;261;22;10073;pidgeot-mega;0;9;Flying;24;10073;2;18;3;3;505
1;315;11;10075;diancie-mega;0;9;Fairy;832;10075;2;719;18;18;278
1;315;25;10076;metagross-mega;0;9;Psychic;473;10076;2;376;14;14;9429
1;347;50;10078;groudon-primal;0;9;Fire;484;10078;2;383;10;10;9997
1;351;108;10079;rayquaza-mega;0;9;Flying;486;10079;2;384;3;3;3920
1;306;65;10086;hoopa-unbound;0;9;Dark;834;10086;2;720;17;17;4900
1;196;25;10087;camerupt-mega;0;9;Ground;409;10087;2;323;5;5;3205
1;203;13;10088;lopunny-mega;0;9;Fighting;533;10088;2;428;2;2;283
1;315;18;10089;salamence-mega;0;9;Flying;469;10089;2;373;3;3;1126
1;223;14;10090;beedrill-mega;0;9;Poison;20;10090;2;15;4;4;405
1;51;3;10091;rattata-alola;0;9;Normal;26;10091;2;19;1;1;38
1;145;7;10092;raticate-alola;0;9;Normal;28;10092;2;20;1;1;255
1;145;14;10093;raticate-totem-alola;0;9;Normal;29;10093;2;20;1;1;1050
1;218;7;10100;raichu-alola;0;9;Psychic;43;10100;2;26;14;14;210
1;60;7;10101;sandshrew-alola;0;9;Steel;45;10101;2;27;9;9;400
1;158;12;10102;sandslash-alola;0;9;Steel;47;10102;2;28;9;9;550
1;177;11;10104;ninetales-alola;0;9;Fairy;60;10104;2;38;18;18;199
1;53;2;10105;diglett-alola;0;9;Steel;76;10105;2;50;9;9;10
1;149;7;10106;dugtrio-alola;0;9;Steel;78;10106;2;51;9;9;666
1;60;4;10109;geodude-alola;0;9;Electric;106;10109;2;74;13;13;203
1;137;10;10110;graveler-alola;0;9;Electric;108;10110;2;75;13;13;1100
1;223;17;10111;golem-alola;0;9;Electric;110;10111;2;76;13;13;3160
1;65;7;10112;grimer-alola;0;9;Dark;126;10112;2;88;17;17;420
1;175;10;10113;muk-alola;0;9;Dark;128;10113;2;89;17;17;520
1;186;109;10114;exeggutor-alola;0;9;Dragon;146;10114;2;103;16;16;4156
1;149;10;10115;marowak-alola;0;9;Ghost;149;10115;2;105;8;8;340
1;239;15;10116;greninja-battle-bond;0;9;Dark;758;10116;2;658;17;17;400
1;288;15;10117;greninja-ash;0;9;Dark;759;10117;2;658;17;17;400
1;219;12;10118;zygarde-10;0;9;Ground;828;10118;2;718;5;5;335
1;270;50;10119;zygarde-50;0;9;Ground;829;10119;2;718;5;5;3050
1;319;45;10120;zygarde-complete;0;9;Ground;830;10120;2;718;5;5;6100
1;225;26;10122;vikavolt-totem;0;9;Electric;854;10122;2;738;13;13;1475
1;167;6;10123;oricorio-pom-pom;0;9;Flying;858;10123;2;741;3;3;34
1;167;6;10124;oricorio-pau;0;9;Flying;859;10124;2;741;3;3;34
1;167;6;10125;oricorio-sensu;0;9;Flying;860;10125;2;741;3;3;34
1;168;21;10129;salazzle-totem;0;9;Fire;881;10129;2;758;10;10;810
1;154;3;10130;minior-orange-meteor;0;9;Flying;898;10130;2;774;3;3;400
1;154;3;10131;minior-yellow-meteor;0;9;Flying;899;10131;2;774;3;3;400
1;154;3;10132;minior-green-meteor;0;9;Flying;900;10132;2;774;3;3;400
1;154;3;10133;minior-blue-meteor;0;9;Flying;901;10133;2;774;3;3;400
1;154;3;10134;minior-indigo-meteor;0;9;Flying;902;10134;2;774;3;3;400
1;154;3;10135;minior-violet-meteor;0;9;Flying;903;10135;2;774;3;3;400
1;175;3;10136;minior-red;0;9;Flying;904;10136;2;774;3;3;3
1;175;3;10137;minior-orange;0;9;Flying;905;10137;2;774;3;3;3
1;175;3;10138;minior-yellow;0;9;Flying;906;10138;2;774;3;3;3
1;175;3;10139;minior-green;0;9;Flying;907;10139;2;774;3;3;3
1;175;3;10140;minior-blue;0;9;Flying;908;10140;2;774;3;3;3
1;175;3;10141;minior-indigo;0;9;Flying;909;10141;2;774;3;3;3
1;175;3;10142;minior-violet;0;9;Flying;910;10142;2;774;3;3;3
1;167;2;10143;mimikyu-busted;0;9;Fairy;915;10143;2;778;18;18;7
1;167;4;10144;mimikyu-totem-disguised;0;9;Fairy;916;10144;2;778;18;18;28
1;167;4;10145;mimikyu-totem-busted;0;9;Fairy;917;10145;2;778;18;18;28
1;270;24;10146;kommo-o-totem;0;9;Fighting;924;10146;2;784;2;2;2075
1;120;10;10147;magearna-original;0;9;Fairy;942;10147;2;801;18;18;805
