id,identifier,species_id,height,weight,base_experience,order,is_default,type1,type2,type1ID,type2ID,hp,attack,defense,special_attack,special_defense,speed
1,bulbasaur,1,7,69,64,1,1,Grass,Poison,12,4,45,49,49,65,65,45
2,ivysaur,2,10,130,142,2,1,Grass,Poison,12,4,60,62,63,80,80,60
3,venusaur,3,20,1000,236,3,1,Grass,Poison,12,4,80,82,83,100,100,80
4,charmander,4,6,85,62,5,1,Fire,,10,,39,52,43,60,50,65
5,charmeleon,5,11,190,142,6,1,Fire,,10,,58,64,58,80,65,80
6,charizard,6,17,905,240,7,1,Fire,Flying,10,3,78,84,78,109,85,100
7,squirtle,7,5,90,63,10,1,Water,,11,,44,48,65,50,64,43
8,wartortle,8,10,225,142,11,1,Water,,11,,59,63,80,65,80,58
9,blastoise,9,16,855,239,12,1,Water,,11,,79,83,100,85,105,78
10,caterpie,10,3,29,39,14,1,Bug,,7,,45,30,35,20,20,45
11,metapod,11,7,99,72,15,1,Bug,,7,,50,20,55,25,25,30
12,butterfree,12,11,320,178,16,1,Bug,Flying,7,3,60,45,50,90,80,70
13,weedle,13,3,32,39,17,1,Bug,Poison,7,4,40,35,30,20,20,50
14,kakuna,14,6,100,72,18,1,Bug,Poison,7,4,45,25,50,25,25,35
15,beedrill,15,10,295,178,19,1,Bug,Poison,7,4,65,90,40,45,80,75
16,pidgey,16,3,18,50,21,1,Normal,Flying,1,3,40,45,40,35,35,56
17,pidgeotto,17,11,300,122,22,1,Normal,Flying,1,3,63,60,55,50,50,71
18,pidgeot,18,15,395,216,23,1,Normal,Flying,1,3,83,80,75,70,70,101
19,rattata,19,3,35,51,25,1,Normal,,1,,30,56,35,25,35,72
20,raticate,20,7,185,145,27,1,Normal,,1,,55,81,60,50,70,97
21,spearow,21,3,20,52,30,1,Normal,Flying,1,3,40,60,30,31,31,70
22,fearow,22,12,380,155,31,1,Normal,Flying,1,3,65,90,65,61,61,100
23,ekans,23,20,69,58,32,1,Poison,,4,,35,60,44,40,54,55
24,arbok,24,35,650,157,33,1,Poison,,4,,60,95,69,65,79,80
25,pikachu,25,4,60,112,35,1,Electric,,13,,35,55,40,50,50,90
26,raichu,26,8,300,218,42,1,Electric,,13,,60,90,55,90,80,110
27,sandshrew,27,6,120,60,44,1,Ground,,5,,50,75,85,20,30,40
28,sandslash,28,10,295,158,46,1,Ground,,5,,75,100,110,45,55,65
29,nidoran_f,29,4,70,55,48,1,Poison,,4,,55,47,52,40,40,41
30,nidorina,30,8,200,128,49,1,Poison,,4,,70,62,67,55,55,56
31,nidoqueen,31,13,600,227,50,1,Poison,Ground,4,5,90,92,87,75,85,76
32,nidoran_m,32,5,90,55,51,1,Poison,,4,,46,57,40,40,40,50
33,nidorino,33,9,195,128,52,1,Poison,,4,,61,72,57,55,55,65
34,nidoking,34,14,620,227,53,1,Poison,Ground,4,5,81,102,77,85,75,85
35,clefairy,35,6,75,113,55,1,Fairy,,18,,70,45,48,60,65,35
36,clefable,36,13,400,217,56,1,Fairy,,18,,95,70,73,95,90,60
37,vulpix,37,6,99,60,57,1,Fire,,10,,38,41,40,50,65,65
38,ninetales,38,11,199,177,59,1,Fire,,10,,73,76,75,81,100,100
39,jigglypuff,39,5,55,95,62,1,Normal,Fairy,1,18,115,45,20,45,25,20
40,wigglytuff,40,10,120,196,63,1,Normal,Fairy,1,18,140,70,45,85,50,45
41,zubat,41,8,75,49,64,1,Poison,Flying,4,3,40,45,35,30,40,55
42,golbat,42,16,550,159,65,1,Poison,Flying,4,3,75,80,70,65,75,90
43,oddish,43,5,54,64,67,1,Grass,Poison,12,4,45,50,55,75,65,30
44,gloom,44,8,86,138,68,1,Grass,Poison,12,4,60,65,70,85,75,40
45,vileplume,45,12,186,221,69,1,Grass,Poison,12,4,75,80,85,110,90,50
46,paras,46,3,54,57,71,1,Bug,Grass,7,12,35,70,55,45,55,25
47,parasect,47,10,295,142,72,1,Bug,Grass,7,12,60,95,80,60,80,30
48,venonat,48,10,300,61,73,1,Bug,Poison,7,4,60,55,50,40,55,45
49,venomoth,49,15,125,158,74,1,Bug,Poison,7,4,70,65,60,90,75,90
50,diglett,50,2,8,53,75,1,Ground,,5,,10,55,25,35,45,95
51,dugtrio,51,7,333,149,77,1,Ground,,5,,35,100,50,50,70,120
52,meowth,52,4,42,58,79,1,Normal,,1,,40,45,35,40,40,90
53,persian,53,10,320,154,81,1,Normal,,1,,65,70,60,65,65,115
54,psyduck,54,8,196,64,83,1,Water,,11,,50,52,48,65,50,55
55,golduck,55,17,766,175,84,1,Water,,11,,80,82,78,95,80,85
56,mankey,56,5,280,61,85,1,Fighting,,2,,40,80,35,35,45,70
57,primeape,57,10,320,159,86,1,Fighting,,2,,65,105,60,60,70,95
58,growlithe,58,7,190,70,87,1,Fire,,10,,55,70,45,70,50,60
59,arcanine,59,19,1550,194,88,1,Fire,,10,,90,110,80,100,80,95
60,poliwag,60,6,124,60,89,1,Water,,11,,40,50,40,40,40,90
61,poliwhirl,61,10,200,135,90,1,Water,,11,,65,65,65,50,50,90
62,poliwrath,62,13,540,230,91,1,Water,Fighting,11,2,90,95,95,70,90,70
63,abra,63,9,195,62,93,1,Psychic,,14,,25,20,15,105,55,90
64,kadabra,64,13,565,140,94,1,Psychic,,14,,40,35,30,120,70,105
65,alakazam,65,15,480,225,95,1,Psychic,,14,,55,50,45,135,95,120
66,machop,66,8,195,61,97,1,Fighting,,2,,70,80,50,35,35,35
67,machoke,67,15,705,142,98,1,Fighting,,2,,80,100,70,50,60,45
68,machamp,68,16,1300,227,99,1,Fighting,,2,,90,130,80,65,85,55
69,bellsprout,69,7,40,60,100,1,Grass,Poison,12,4,50,75,35,70,30,40
70,weepinbell,70,10,64,137,101,1,Grass,Poison,12,4,65,90,50,85,45,55
71,victreebel,71,17,155,221,102,1,Grass,Poison,12,4,80,105,65,100,70,70
72,tentacool,72,9,455,67,103,1,Water,Poison,11,4,40,40,35,50,100,70
73,tentacruel,73,16,550,180,104,1,Water,Poison,11,4,80,70,65,80,120,100
74,geodude,74,4,200,60,105,1,Rock,Ground,6,5,40,80,100,30,30,20
75,graveler,75,10,1050,137,107,1,Rock,Ground,6,5,55,95,115,45,45,35
76,golem,76,14,3000,223,109,1,Rock,Ground,6,5,80,120,130,55,65,45
77,ponyta,77,10,300,82,111,1,Fire,,10,,50,85,55,65,65,90
78,rapidash,78,17,950,175,112,1,Fire,,10,,65,100,70,80,80,105
79,slowpoke,79,12,360,63,113,1,Water,Psychic,11,14,90,65,65,40,40,15
80,slowbro,80,16,785,172,114,1,Water,Psychic,11,14,95,75,110,100,80,30
81,magnemite,81,3,60,65,117,1,Electric,Steel,13,9,25,35,70,95,55,45
82,magneton,82,10,600,163,118,1,Electric,Steel,13,9,50,60,95,120,70,70
83,farfetchd,83,8,150,132,120,1,Normal,Flying,1,3,52,90,55,58,62,60
84,doduo,84,14,392,62,121,1,Normal,Flying,1,3,35,85,45,35,35,75
85,dodrio,85,18,852,165,122,1,Normal,Flying,1,3,60,110,70,60,60,110
86,seel,86,11,900,65,123,1,Water,,11,,65,45,55,45,70,45
87,dewgong,87,17,1200,166,124,1,Water,Ice,11,15,90,70,80,70,95,70
88,grimer,88,9,300,65,125,1,Poison,,4,,80,80,50,40,50,25
89,muk,89,12,300,175,127,1,Poison,,4,,105,105,75,65,100,50
90,shellder,90,3,40,61,129,1,Water,,11,,30,65,100,45,25,40
91,cloyster,91,15,1325,184,130,1,Water,Ice,11,15,50,95,180,85,45,70
92,gastly,92,13,1,62,131,1,Ghost,Poison,8,4,30,35,30,100,35,80
93,haunter,93,16,1,142,132,1,Ghost,Poison,8,4,45,50,45,115,55,95
94,gengar,94,15,405,225,133,1,Ghost,Poison,8,4,60,65,60,130,75,110
95,onix,95,88,2100,77,135,1,Rock,Ground,6,5,35,45,160,30,45,70
96,drowzee,96,10,324,66,138,1,Psychic,,14,,60,48,45,43,90,42
97,hypno,97,16,756,169,139,1,Psychic,,14,,85,73,70,73,115,67
98,krabby,98,4,65,65,140,1,Water,,11,,30,105,90,25,25,50
99,kingler,99,13,600,166,141,1,Water,,11,,55,130,115,50,50,75
100,voltorb,100,5,104,66,142,1,Electric,,13,,40,30,50,55,55,100
101,electrode,101,12,666,172,143,1,Electric,,13,,60,50,70,80,80,150
102,exeggcute,102,4,25,65,144,1,Grass,Psychic,12,14,60,40,80,60,45,40
103,exeggutor,103,20,1200,186,145,1,Grass,Psychic,12,14,95,95,85,125,75,55
104,cubone,104,4,65,64,147,1,Ground,,5,,50,50,95,40,50,35
105,marowak,105,10,450,149,148,1,Ground,,5,,60,80,110,50,80,45
106,hitmonlee,106,15,498,159,151,1,Fighting,,2,,50,120,53,35,110,87
107,hitmonchan,107,14,502,159,152,1,Fighting,,2,,50,105,79,35,110,76
108,lickitung,108,12,655,77,154,1,Normal,,1,,90,55,75,60,75,30
109,koffing,109,6,10,68,156,1,Poison,,4,,40,65,95,60,45,35
110,weezing,110,12,95,172,157,1,Poison,,4,,65,90,120,85,70,60
111,rhyhorn,111,10,1150,69,158,1,Ground,Rock,5,6,80,85,95,30,30,25
112,rhydon,112,19,1200,170,159,1,Ground,Rock,5,6,105,130,120,45,45,40
113,chansey,113,11,346,395,162,1,Normal,,1,,250,5,5,35,105,50
114,tangela,114,10,350,87,164,1,Grass,,12,,65,55,115,100,40,60
115,kangaskhan,115,22,800,172,166,1,Normal,,1,,105,95,80,40,80,90
116,horsea,116,4,80,59,168,1,Water,,11,,30,40,70,70,25,60
117,seadra,117,12,250,154,169,1,Water,,11,,55,65,95,95,45,85
118,goldeen,118,6,150,64,171,1,Water,,11,,45,67,60,35,50,63
119,seaking,119,13,390,158,172,1,Water,,11,,80,92,65,65,80,68
120,staryu,120,8,345,68,173,1,Water,,11,,30,45,55,70,55,85
121,starmie,121,11,800,182,174,1,Water,Psychic,11,14,60,75,85,100,85,115
122,mr_mime,122,13,545,161,176,1,Psychic,Fairy,14,18,40,45,65,100,120,90
123,scyther,123,15,560,100,177,1,Bug,Flying,7,3,70,110,80,55,80,105
124,jynx,124,14,406,159,181,1,Ice,Psychic,15,14,65,50,35,115,95,95
125,electabuzz,125,11,300,172,183,1,Electric,,13,,65,83,57,95,85,105
126,magmar,126,13,445,173,186,1,Fire,,10,,65,95,57,100,85,93
127,pinsir,127,15,550,175,188,1,Bug,,7,,65,125,100,55,70,85
128,tauros,128,14,884,172,190,1,Normal,,1,,75,100,95,40,70,110
129,magikarp,129,9,100,40,191,1,Water,,11,,20,10,55,15,20,80
130,gyarados,130,65,2350,189,192,1,Water,Flying,11,3,95,125,79,60,100,81
131,lapras,131,25,2200,187,194,1,Water,Ice,11,15,130,85,80,85,95,60
132,ditto,132,3,40,101,195,1,Normal,,1,,48,48,48,48,48,48
133,eevee,133,3,65,65,196,1,Normal,,1,,55,55,50,45,65,55
134,vaporeon,134,10,290,184,197,1,Water,,11,,130,65,60,110,95,65
135,jolteon,135,8,245,184,198,1,Electric,,13,,65,65,60,110,95,130
136,flareon,136,9,250,184,199,1,Fire,,10,,65,130,60,95,110,65
137,porygon,137,8,365,79,205,1,Normal,,1,,65,60,70,85,75,40
138,omanyte,138,4,75,71,208,1,Rock,Water,6,11,35,40,100,90,55,35
139,omastar,139,10,350,173,209,1,Rock,Water,6,11,70,60,125,115,70,55
140,kabuto,140,5,115,71,210,1,Rock,Water,6,11,30,80,90,55,45,55
141,kabutops,141,13,405,173,211,1,Rock,Water,6,11,60,115,105,65,70,80
142,aerodactyl,142,18,590,180,212,1,Rock,Flying,6,3,80,105,65,60,75,130
143,snorlax,143,21,4600,189,215,1,Normal,,1,,160,110,65,65,110,30
144,articuno,144,17,554,261,216,1,Ice,Flying,15,3,90,85,100,95,125,85
145,zapdos,145,16,526,261,217,1,Electric,Flying,13,3,90,90,85,125,90,100
146,moltres,146,20,600,261,218,1,Fire,Flying,10,3,90,100,90,125,85,90
147,dratini,147,18,33,60,219,1,Dragon,,16,,41,64,45,50,50,50
148,dragonair,148,40,165,147,220,1,Dragon,,16,,61,84,65,70,70,70
149,dragonite,149,22,2100,270,221,1,Dragon,Flying,16,3,91,134,95,100,100,80
150,mewtwo,150,20,1220,306,222,1,Psychic,,14,,106,110,90,154,90,130
151,mew,151,4,40,270,225,1,Psychic,,14,,100,100,100,100,100,100
152,chikorita,152,9,64,64,226,1,Grass,,12,,45,49,65,49,65,45
153,bayleef,153,12,158,142,227,1,Grass,,12,,60,62,80,63,80,60
154,meganium,154,18,1005,236,228,1,Grass,,12,,80,82,100,83,100,80
155,cyndaquil,155,5,79,62,229,1,Fire,,10,,39,52,43,60,50,65
156,quilava,156,9,190,142,230,1,Fire,,10,,58,64,58,80,65,80
157,typhlosion,157,17,795,240,231,1,Fire,,10,,78,84,78,109,85,100
158,totodile,158,6,95,63,232,1,Water,,11,,50,65,64,44,48,43
159,croconaw,159,11,250,142,233,1,Water,,11,,65,80,80,59,63,58
160,feraligatr,160,23,888,239,234,1,Water,,11,,85,105,100,79,83,78
161,sentret,161,8,60,43,235,1,Normal,,1,,35,46,34,35,45,20
162,furret,162,18,325,145,236,1,Normal,,1,,85,76,64,45,55,90
163,hoothoot,163,7,212,52,237,1,Normal,Flying,1,3,60,30,30,36,56,50
164,noctowl,164,16,408,158,238,1,Normal,Flying,1,3,100,50,50,86,96,70
165,ledyba,165,10,108,53,239,1,Bug,Flying,7,3,40,20,30,40,80,55
166,ledian,166,14,356,137,240,1,Bug,Flying,7,3,55,35,50,55,110,85
167,spinarak,167,5,85,50,241,1,Bug,Poison,7,4,40,60,40,40,40,30
168,ariados,168,11,335,140,242,1,Bug,Poison,7,4,70,90,70,60,70,40
169,crobat,169,18,750,241,66,1,Poison,Flying,4,3,85,90,80,70,80,130
170,chinchou,170,5,120,66,243,1,Water,Electric,11,13,75,38,38,56,56,67
171,lanturn,171,12,225,161,244,1,Water,Electric,11,13,125,58,58,76,76,67
172,pichu,172,3,20,41,34,1,Electric,,13,,20,40,15,35,35,60
173,cleffa,173,3,30,44,54,1,Fairy,,18,,50,25,28,45,55,15
174,igglybuff,174,3,10,42,61,1,Normal,Fairy,1,18,90,30,15,40,20,15
175,togepi,175,3,15,49,245,1,Fairy,,18,,35,20,65,40,65,20
176,togetic,176,6,32,142,246,1,Fairy,Flying,18,3,55,40,85,80,105,40
177,natu,177,2,20,64,248,1,Psychic,Flying,14,3,40,50,45,70,45,70
178,xatu,178,15,150,165,249,1,Psychic,Flying,14,3,65,75,70,95,70,95
179,mareep,179,6,78,56,250,1,Electric,,13,,55,40,40,65,45,35
180,flaaffy,180,8,133,128,251,1,Electric,,13,,70,55,55,80,60,45
181,ampharos,181,14,615,230,252,1,Electric,,13,,90,75,85,115,90,55
182,bellossom,182,4,58,221,70,1,Grass,,12,,75,80,95,90,100,50
183,marill,183,4,85,88,255,1,Water,Fairy,11,18,70,20,50,20,50,40
184,azumarill,184,8,285,189,256,1,Water,Fairy,11,18,100,50,80,60,80,50
185,sudowoodo,185,12,380,144,258,1,Rock,,6,,70,100,115,30,65,30
186,politoed,186,11,339,225,92,1,Water,,11,,90,75,75,90,100,70
187,hoppip,187,4,5,50,259,1,Grass,Flying,12,3,35,35,40,35,55,50
188,skiploom,188,6,10,119,260,1,Grass,Flying,12,3,55,45,50,45,65,80
189,jumpluff,189,8,30,207,261,1,Grass,Flying,12,3,75,55,70,55,95,110
190,aipom,190,8,115,72,262,1,Normal,,1,,55,70,55,40,55,85
191,sunkern,191,3,18,36,264,1,Grass,,12,,30,30,30,30,30,30
192,sunflora,192,8,85,149,265,1,Grass,,12,,75,75,55,105,85,30
193,yanma,193,12,380,78,266,1,Bug,Flying,7,3,65,65,45,75,45,95
194,wooper,194,4,85,42,268,1,Water,Ground,11,5,55,45,45,25,25,15
195,quagsire,195,14,750,151,269,1,Water,Ground,11,5,95,85,85,65,65,35
196,espeon,196,9,265,184,200,1,Psychic,,14,,65,65,60,130,95,110
197,umbreon,197,10,270,184,201,1,Dark,,17,,95,65,110,60,130,65
198,murkrow,198,5,21,81,270,1,Dark,Flying,17,3,60,85,42,85,42,91
199,slowking,199,20,795,172,116,1,Water,Psychic,11,14,95,75,80,100,110,30
200,misdreavus,200,7,10,87,272,1,Ghost,,8,,60,60,60,85,85,85
201,unown,201,5,50,118,274,1,Psychic,,14,,48,72,48,72,48,48
202,wobbuffet,202,13,285,142,276,1,Psychic,,14,,190,33,58,33,58,33
203,girafarig,203,15,415,159,277,1,Normal,Psychic,1,14,70,80,65,90,65,85
204,pineco,204,6,72,58,278,1,Bug,,7,,50,65,90,35,35,15
205,forretress,205,12,1258,163,279,1,Bug,Steel,7,9,75,90,140,60,60,40
206,dunsparce,206,15,140,145,280,1,Normal,,1,,100,70,70,65,65,45
207,gligar,207,11,648,86,281,1,Ground,Flying,5,3,65,75,105,35,65,85
208,steelix,208,92,4000,179,136,1,Steel,Ground,9,5,75,85,200,55,65,30
209,snubbull,209,6,78,60,283,1,Fairy,,18,,60,80,50,40,40,30
210,granbull,210,14,487,158,284,1,Fairy,,18,,90,120,75,60,60,45
211,qwilfish,211,5,39,88,285,1,Water,Poison,11,4,65,95,85,55,55,85
212,scizor,212,18,1180,175,178,1,Bug,Steel,7,9,70,130,100,55,80,65
213,shuckle,213,6,205,177,286,1,Bug,Rock,7,6,20,10,230,10,230,5
214,heracross,214,15,540,175,287,1,Bug,Fighting,7,2,80,125,75,40,95,85
215,sneasel,215,9,280,86,289,1,Dark,Ice,17,15,55,95,55,35,75,115
216,teddiursa,216,6,88,66,291,1,Normal,,1,,60,80,50,50,50,40
217,ursaring,217,18,1258,175,292,1,Normal,,1,,90,130,75,75,75,55
218,slugma,218,7,350,50,293,1,Fire,,10,,40,40,40,70,40,20
219,magcargo,219,8,550,151,294,1,Fire,Rock,10,6,60,50,120,90,80,30
220,swinub,220,4,65,50,295,1,Ice,Ground,15,5,50,50,40,30,30,50
221,piloswine,221,11,558,158,296,1,Ice,Ground,15,5,100,100,80,60,60,50
222,corsola,222,6,50,144,298,1,Water,Rock,11,6,65,55,95,65,95,35
223,remoraid,223,6,120,60,299,1,Water,,11,,35,65,35,65,35,65
224,octillery,224,9,285,168,300,1,Water,,11,,75,105,75,105,75,45
225,delibird,225,9,160,116,301,1,Ice,Flying,15,3,45,55,45,65,45,75
226,mantine,226,21,2200,170,303,1,Water,Flying,11,3,85,40,70,80,140,70
227,skarmory,227,17,505,163,304,1,Steel,Flying,9,3,65,80,140,40,70,70
228,houndour,228,6,108,66,305,1,Dark,Fire,17,10,45,60,30,80,50,65
229,houndoom,229,14,350,175,306,1,Dark,Fire,17,10,75,90,50,110,80,95
230,kingdra,230,18,1520,243,170,1,Water,Dragon,11,16,75,95,95,95,95,85
231,phanpy,231,5,335,66,308,1,Ground,,5,,90,60,60,40,40,40
232,donphan,232,11,1200,175,309,1,Ground,,5,,90,120,120,60,60,50
233,porygon2,233,6,325,180,206,1,Normal,,1,,85,80,90,105,95,60
234,stantler,234,14,712,163,310,1,Normal,,1,,73,95,62,85,65,85
235,smeargle,235,12,580,88,311,1,Normal,,1,,55,20,35,20,45,75
236,tyrogue,236,7,210,42,150,1,Fighting,,2,,35,35,35,35,35,35
237,hitmontop,237,14,480,159,153,1,Fighting,,2,,50,95,95,35,110,70
238,smoochum,238,4,60,61,180,1,Ice,Psychic,15,14,45,30,15,85,65,65
239,elekid,239,6,235,72,182,1,Electric,,13,,45,63,37,65,55,95
240,magby,240,7,214,73,185,1,Fire,,10,,45,75,37,70,55,83
241,miltank,241,12,755,172,312,1,Normal,,1,,95,80,105,40,70,100
242,blissey,242,15,468,608,163,1,Normal,,1,,255,10,10,75,135,55
243,raikou,243,19,1780,261,313,1,Electric,,13,,90,85,75,115,100,115
244,entei,244,21,1980,261,314,1,Fire,,10,,115,115,85,90,75,100
245,suicune,245,20,1870,261,315,1,Water,,11,,100,75,115,90,115,85
246,larvitar,246,6,720,60,316,1,Rock,Ground,6,5,50,64,50,45,50,41
247,pupitar,247,12,1520,144,317,1,Rock,Ground,6,5,70,84,70,65,70,51
248,tyranitar,248,20,2020,270,318,1,Rock,Dark,6,17,100,134,110,95,100,61
249,lugia,249,52,2160,306,320,1,Psychic,Flying,14,3,106,90,130,90,154,110
250,ho_oh,250,38,1990,306,321,1,Fire,Flying,10,3,106,130,90,110,154,90
251,celebi,251,6,50,270,322,1,Psychic,Grass,14,12,100,100,100,100,100,100
252,treecko,252,5,50,62,323,1,Grass,,12,,40,45,35,65,55,70
253,grovyle,253,9,216,142,324,1,Grass,,12,,50,65,45,85,65,95
254,sceptile,254,17,522,239,325,1,Grass,,12,,70,85,65,105,85,120
255,torchic,255,4,25,62,327,1,Fire,,10,,45,60,40,70,50,45
256,combusken,256,9,195,142,328,1,Fire,Fighting,10,2,60,85,60,85,60,55
257,blaziken,257,19,520,239,329,1,Fire,Fighting,10,2,80,120,70,110,70,80
258,mudkip,258,4,76,62,331,1,Water,,11,,50,70,50,50,50,40
259,marshtomp,259,7,280,142,332,1,Water,Ground,11,5,70,85,70,60,70,50
260,swampert,260,15,819,241,333,1,Water,Ground,11,5,100,110,90,85,90,60
261,poochyena,261,5,136,56,335,1,Dark,,17,,35,55,35,30,30,35
262,mightyena,262,10,370,147,336,1,Dark,,17,,70,90,70,60,60,70
263,zigzagoon,263,4,175,56,337,1,Normal,,1,,38,30,41,30,41,60
264,linoone,264,5,325,147,338,1,Normal,,1,,78,70,61,50,61,100
265,wurmple,265,3,36,56,339,1,Bug,,7,,45,45,35,20,30,20
266,silcoon,266,6,100,72,340,1,Bug,,7,,50,35,55,25,25,15
267,beautifly,267,10,284,178,341,1,Bug,Flying,7,3,60,70,50,100,50,65
268,cascoon,268,7,115,72,342,1,Bug,,7,,50,35,55,25,25,15
269,dustox,269,12,316,173,343,1,Bug,Poison,7,4,60,50,70,50,90,65
270,lotad,270,5,26,44,344,1,Water,Grass,11,12,40,30,30,40,50,30
271,lombre,271,12,325,119,345,1,Water,Grass,11,12,60,50,50,60,70,50
272,ludicolo,272,15,550,216,346,1,Water,Grass,11,12,80,70,70,90,100,70
273,seedot,273,5,40,44,347,1,Grass,,12,,40,40,50,30,30,30
274,nuzleaf,274,10,280,119,348,1,Grass,Dark,12,17,70,70,40,60,40,60
275,shiftry,275,13,596,216,349,1,Grass,Dark,12,17,90,100,60,90,60,80
276,taillow,276,3,23,54,350,1,Normal,Flying,1,3,40,55,30,30,30,85
277,swellow,277,7,198,159,351,1,Normal,Flying,1,3,60,85,60,75,50,125
278,wingull,278,6,95,54,352,1,Water,Flying,11,3,40,30,30,55,30,85
279,pelipper,279,12,280,154,353,1,Water,Flying,11,3,60,50,100,95,70,65
280,ralts,280,4,66,40,354,1,Psychic,Fairy,14,18,28,25,25,45,35,40
281,kirlia,281,8,202,97,355,1,Psychic,Fairy,14,18,38,35,35,65,55,50
282,gardevoir,282,16,484,233,356,1,Psychic,Fairy,14,18,68,65,65,125,115,80
283,surskit,283,5,17,54,360,1,Bug,Water,7,11,40,30,32,50,52,65
284,masquerain,284,8,36,159,361,1,Bug,Flying,7,3,70,60,62,100,82,80
285,shroomish,285,4,45,59,362,1,Grass,,12,,60,40,60,40,60,35
286,breloom,286,12,392,161,363,1,Grass,Fighting,12,2,60,130,80,60,60,70
287,slakoth,287,8,240,56,364,1,Normal,,1,,60,60,60,35,35,30
288,vigoroth,288,14,465,154,365,1,Normal,,1,,80,80,80,55,55,90
289,slaking,289,20,1305,252,366,1,Normal,,1,,150,160,100,95,65,100
290,nincada,290,5,55,53,367,1,Bug,Ground,7,5,31,45,90,30,30,40
291,ninjask,291,8,120,160,368,1,Bug,Flying,7,3,61,90,45,50,50,160
292,shedinja,292,8,12,83,369,1,Bug,Ghost,7,8,1,90,45,30,30,40
293,whismur,293,6,163,48,370,1,Normal,,1,,64,51,23,51,23,28
294,loudred,294,10,405,126,371,1,Normal,,1,,84,71,43,71,43,48
295,exploud,295,15,840,221,372,1,Normal,,1,,104,91,63,91,73,68
296,makuhita,296,10,864,47,373,1,Fighting,,2,,72,60,30,20,30,25
297,hariyama,297,23,2538,166,374,1,Fighting,,2,,144,120,60,40,60,50
298,azurill,298,2,20,38,254,1,Normal,Fairy,1,18,50,20,40,20,40,20
299,nosepass,299,10,970,75,375,1,Rock,,6,,30,45,135,45,90,30
300,skitty,300,6,110,52,377,1,Normal,,1,,50,45,45,35,35,50
301,delcatty,301,11,326,140,378,1,Normal,,1,,70,65,65,55,55,90
302,sableye,302,5,110,133,379,1,Dark,Ghost,17,8,50,75,75,65,65,50
303,mawile,303,6,115,133,381,1,Steel,Fairy,9,18,50,85,85,55,55,50
304,aron,304,4,600,66,383,1,Steel,Rock,9,6,50,70,100,40,40,30
305,lairon,305,9,1200,151,384,1,Steel,Rock,9,6,60,90,140,50,50,40
306,aggron,306,21,3600,239,385,1,Steel,Rock,9,6,70,110,180,60,60,50
307,meditite,307,6,112,56,387,1,Fighting,Psychic,2,14,30,40,55,40,55,60
308,medicham,308,13,315,144,388,1,Fighting,Psychic,2,14,60,60,75,60,75,80
309,electrike,309,6,152,59,390,1,Electric,,13,,40,45,40,65,40,65
310,manectric,310,15,402,166,391,1,Electric,,13,,70,75,60,105,60,105
311,plusle,311,4,42,142,393,1,Electric,,13,,60,50,40,85,75,95
312,minun,312,4,42,142,394,1,Electric,,13,,60,40,50,75,85,95
313,volbeat,313,7,177,151,395,1,Bug,,7,,65,73,75,47,85,85
314,illumise,314,6,177,151,396,1,Bug,,7,,65,47,75,73,85,85
315,roselia,315,3,20,140,398,1,Grass,Poison,12,4,50,60,45,100,80,65
316,gulpin,316,4,103,60,400,1,Poison,,4,,70,43,53,43,53,40
317,swalot,317,17,800,163,401,1,Poison,,4,,100,73,83,73,83,55
318,carvanha,318,8,208,61,402,1,Water,Dark,11,17,45,90,20,65,20,65
319,sharpedo,319,18,888,161,403,1,Water,Dark,11,17,70,120,40,95,40,95
320,wailmer,320,20,1300,80,405,1,Water,,11,,130,70,35,70,35,60
321,wailord,321,145,3980,175,406,1,Water,,11,,170,90,45,90,45,60
322,numel,322,7,240,61,407,1,Fire,Ground,10,5,60,60,40,65,45,35
323,camerupt,323,19,2200,161,408,1,Fire,Ground,10,5,70,100,70,105,75,40
324,torkoal,324,5,804,165,410,1,Fire,,10,,70,85,140,85,70,20
325,spoink,325,7,306,66,411,1,Psychic,,14,,60,25,35,70,80,60
326,grumpig,326,9,715,165,412,1,Psychic,,14,,80,45,65,90,110,80
327,spinda,327,11,50,126,413,1,Normal,,1,,60,60,60,60,60,60
328,trapinch,328,7,150,58,414,1,Ground,,5,,45,100,45,45,45,10
329,vibrava,329,11,153,119,415,1,Ground,Dragon,5,16,50,70,50,50,50,70
330,flygon,330,20,820,234,416,1,Ground,Dragon,5,16,80,100,80,80,80,100
331,cacnea,331,4,513,67,417,1,Grass,,12,,50,85,40,85,40,35
332,cacturne,332,13,774,166,418,1,Grass,Dark,12,17,70,115,60,115,60,55
333,swablu,333,4,12,62,419,1,Normal,Flying,1,3,45,40,60,40,75,50
334,altaria,334,11,206,172,420,1,Dragon,Flying,16,3,75,70,90,70,105,80
335,zangoose,335,13,403,160,422,1,Normal,,1,,73,115,60,60,60,90
336,seviper,336,27,525,160,423,1,Poison,,4,,73,100,60,100,60,65
337,lunatone,337,10,1680,161,424,1,Rock,Psychic,6,14,90,55,65,95,85,70
338,solrock,338,12,1540,161,425,1,Rock,Psychic,6,14,90,95,85,55,65,70
339,barboach,339,4,19,58,426,1,Water,Ground,11,5,50,48,43,46,41,60
340,whiscash,340,9,236,164,427,1,Water,Ground,11,5,110,78,73,76,71,60
341,corphish,341,6,115,62,428,1,Water,,11,,43,80,65,50,35,35
342,crawdaunt,342,11,328,164,429,1,Water,Dark,11,17,63,120,85,90,55,55
343,baltoy,343,5,215,60,430,1,Ground,Psychic,5,14,40,40,55,40,70,55
344,claydol,344,15,1080,175,431,1,Ground,Psychic,5,14,60,70,105,70,120,75
345,lileep,345,10,238,71,432,1,Rock,Grass,6,12,66,41,77,61,87,23
346,cradily,346,15,604,173,433,1,Rock,Grass,6,12,86,81,97,81,107,43
347,anorith,347,7,125,71,434,1,Rock,Bug,6,7,45,95,50,40,50,75
348,armaldo,348,15,682,173,435,1,Rock,Bug,6,7,75,125,100,70,80,45
349,feebas,349,6,74,40,436,1,Water,,11,,20,15,20,10,55,80
350,milotic,350,62,1620,189,437,1,Water,,11,,95,60,79,100,125,81
351,castform,351,3,8,147,438,1,Normal,,1,,70,70,70,70,70,70
352,kecleon,352,10,220,154,442,1,Normal,,1,,60,90,70,60,120,40
353,shuppet,353,6,23,59,443,1,Ghost,,8,,44,75,35,63,33,45
354,banette,354,11,125,159,444,1,Ghost,,8,,64,115,65,83,63,65
355,duskull,355,8,150,59,446,1,Ghost,,8,,20,40,90,30,90,25
356,dusclops,356,16,306,159,447,1,Ghost,,8,,40,70,130,60,130,25
357,tropius,357,20,1000,161,449,1,Grass,Flying,12,3,99,68,83,72,87,51
358,chimecho,358,6,10,159,451,1,Psychic,,14,,75,50,80,95,90,65
359,absol,359,12,470,163,452,1,Dark,,17,,65,130,60,75,60,75
360,wynaut,360,6,140,52,275,1,Psychic,,14,,95,23,48,23,48,23
361,snorunt,361,7,168,60,454,1,Ice,,15,,50,50,50,50,50,50
362,glalie,362,15,2565,168,455,1,Ice,,15,,80,80,80,80,80,80
363,spheal,363,8,395,58,458,1,Ice,Water,15,11,70,40,50,55,50,25
364,sealeo,364,11,876,144,459,1,Ice,Water,15,11,90,60,70,75,70,45
365,walrein,365,14,1506,239,460,1,Ice,Water,15,11,110,80,90,95,90,65
366,clamperl,366,4,525,69,461,1,Water,,11,,35,64,85,74,55,32
367,huntail,367,17,270,170,462,1,Water,,11,,55,104,105,94,75,52
368,gorebyss,368,18,226,170,463,1,Water,,11,,55,84,105,114,75,52
369,relicanth,369,10,234,170,464,1,Water,Rock,11,6,100,90,130,45,65,55
370,luvdisc,370,6,87,116,465,1,Water,,11,,43,30,55,40,65,97
371,bagon,371,6,421,60,466,1,Dragon,,16,,45,75,60,40,30,50
372,shelgon,372,11,1105,147,467,1,Dragon,,16,,65,95,100,60,50,50
373,salamence,373,15,1026,270,468,1,Dragon,Flying,16,3,95,135,80,110,80,100
374,beldum,374,6,952,60,470,1,Steel,Psychic,9,14,40,55,80,35,60,30
375,metang,375,12,2025,147,471,1,Steel,Psychic,9,14,60,75,100,55,80,50
376,metagross,376,16,5500,270,472,1,Steel,Psychic,9,14,80,135,130,95,90,70
377,regirock,377,17,2300,261,474,1,Rock,,6,,80,100,200,50,100,50
378,regice,378,18,1750,261,475,1,Ice,,15,,80,50,100,100,200,50
379,registeel,379,19,2050,261,476,1,Steel,,9,,80,75,150,75,150,50
380,latias,380,14,400,270,477,1,Dragon,Psychic,16,14,80,80,90,110,130,110
381,latios,381,20,600,270,479,1,Dragon,Psychic,16,14,80,90,80,130,110,110
382,kyogre,382,45,3520,302,481,1,Water,,11,,100,100,90,150,140,90
383,groudon,383,35,9500,302,483,1,Ground,,5,,100,150,140,100,90,90
384,rayquaza,384,70,2065,306,485,1,Dragon,Flying,16,3,105,150,90,150,90,95
385,jirachi,385,3,11,270,487,1,Steel,Psychic,9,14,100,100,100,100,100,100
386,deoxys_normal,386,17,608,270,488,1,Psychic,,14,,50,150,50,150,50,150
387,turtwig,387,4,102,64,492,1,Grass,,12,,55,68,64,45,55,31
388,grotle,388,11,970,142,493,1,Grass,,12,,75,89,85,55,65,36
389,torterra,389,22,3100,236,494,1,Grass,Ground,12,5,95,109,105,75,85,56
390,chimchar,390,5,62,62,495,1,Fire,,10,,44,58,44,58,44,61
391,monferno,391,9,220,142,496,1,Fire,Fighting,10,2,64,78,52,78,52,81
392,infernape,392,12,550,240,497,1,Fire,Fighting,10,2,76,104,71,104,71,108
393,piplup,393,4,52,63,498,1,Water,,11,,53,51,53,61,56,40
394,prinplup,394,8,230,142,499,1,Water,,11,,64,66,68,81,76,50
395,empoleon,395,17,845,239,500,1,Water,Steel,11,9,84,86,88,111,101,60
396,starly,396,3,20,49,501,1,Normal,Flying,1,3,40,55,30,30,30,60
397,staravia,397,6,155,119,502,1,Normal,Flying,1,3,55,75,50,40,40,80
398,staraptor,398,12,249,218,503,1,Normal,Flying,1,3,85,120,70,50,60,100
399,bidoof,399,5,200,50,504,1,Normal,,1,,59,45,40,35,40,31
400,bibarel,400,10,315,144,505,1,Normal,Water,1,11,79,85,60,55,60,71
401,kricketot,401,3,22,39,506,1,Bug,,7,,37,25,41,25,41,25
402,kricketune,402,10,255,134,507,1,Bug,,7,,77,85,51,55,51,65
403,shinx,403,5,95,53,508,1,Electric,,13,,45,65,34,40,34,45
404,luxio,404,9,305,127,509,1,Electric,,13,,60,85,49,60,49,60
405,luxray,405,14,420,235,510,1,Electric,,13,,80,120,79,95,79,70
406,budew,406,2,12,56,397,1,Grass,Poison,12,4,40,30,35,50,70,55
407,roserade,407,9,145,232,399,1,Grass,Poison,12,4,60,70,65,125,105,90
408,cranidos,408,9,315,70,511,1,Rock,,6,,67,125,40,30,30,58
409,rampardos,409,16,1025,173,512,1,Rock,,6,,97,165,60,65,50,58
410,shieldon,410,5,570,70,513,1,Rock,Steel,6,9,30,42,118,42,88,30
411,bastiodon,411,13,1495,173,514,1,Rock,Steel,6,9,60,52,168,47,138,30
412,burmy,412,2,34,45,515,1,Bug,,7,,40,29,45,29,45,36
413,wormadam_plant,413,5,65,148,516,1,Bug,Grass,7,12,60,59,85,79,105,36
414,mothim,414,9,233,148,519,1,Bug,Flying,7,3,70,94,50,94,50,66
415,combee,415,3,55,49,520,1,Bug,Flying,7,3,30,30,42,30,42,70
416,vespiquen,416,12,385,166,521,1,Bug,Flying,7,3,70,80,102,80,102,40
417,pachirisu,417,4,39,142,522,1,Electric,,13,,60,45,70,45,90,95
418,buizel,418,7,295,66,523,1,Water,,11,,55,65,35,60,30,85
419,floatzel,419,11,335,173,524,1,Water,,11,,85,105,55,85,50,115
420,cherubi,420,4,33,55,525,1,Grass,,12,,45,35,45,62,53,35
421,cherrim,421,5,93,158,526,1,Grass,,12,,70,60,70,87,78,85
422,shellos,422,3,63,65,527,1,Water,,11,,76,48,48,57,62,34
423,gastrodon,423,9,299,166,528,1,Water,Ground,11,5,111,83,68,92,82,39
424,ambipom,424,12,203,169,263,1,Normal,,1,,75,100,66,60,66,115
425,drifloon,425,4,12,70,529,1,Ghost,Flying,8,3,90,50,34,60,44,70
426,drifblim,426,12,150,174,530,1,Ghost,Flying,8,3,150,80,44,90,54,80
427,buneary,427,4,55,70,531,1,Normal,,1,,55,66,44,44,56,85
428,lopunny,428,12,333,168,532,1,Normal,,1,,65,76,84,54,96,105
429,mismagius,429,9,44,173,273,1,Ghost,,8,,60,60,60,105,105,105
430,honchkrow,430,9,273,177,271,1,Dark,Flying,17,3,100,125,52,105,52,71
431,glameow,431,5,39,62,534,1,Normal,,1,,49,55,42,42,37,85
432,purugly,432,10,438,158,535,1,Normal,,1,,71,82,64,64,59,112
433,chingling,433,2,6,57,450,1,Psychic,,14,,45,30,50,65,50,45
434,stunky,434,4,192,66,536,1,Poison,Dark,4,17,63,63,47,41,41,74
435,skuntank,435,10,380,168,537,1,Poison,Dark,4,17,103,93,67,71,61,84
436,bronzor,436,5,605,60,538,1,Steel,Psychic,9,14,57,24,86,24,86,23
437,bronzong,437,13,1870,175,539,1,Steel,Psychic,9,14,67,89,116,79,116,33
438,bonsly,438,5,150,58,257,1,Rock,,6,,50,80,95,10,45,10
439,mime_jr,439,6,130,62,175,1,Psychic,Fairy,14,18,20,25,45,70,90,60
440,happiny,440,6,244,110,161,1,Normal,,1,,100,5,5,15,65,30
441,chatot,441,5,19,144,540,1,Normal,Flying,1,3,76,65,45,92,42,91
442,spiritomb,442,10,1080,170,541,1,Ghost,Dark,8,17,50,92,108,92,108,35
443,gible,443,7,205,60,542,1,Dragon,Ground,16,5,58,70,45,40,45,42
444,gabite,444,14,560,144,543,1,Dragon,Ground,16,5,68,90,65,50,55,82
445,garchomp,445,19,950,270,544,1,Dragon,Ground,16,5,108,130,95,80,85,102
446,munchlax,446,6,1050,78,214,1,Normal,,1,,135,85,40,40,85,5
447,riolu,447,7,202,57,546,1,Fighting,,2,,40,70,40,35,40,60
448,lucario,448,12,540,184,547,1,Fighting,Steel,2,9,70,110,70,115,70,90
449,hippopotas,449,8,495,66,549,1,Ground,,5,,68,72,78,38,42,32
450,hippowdon,450,20,3000,184,550,1,Ground,,5,,108,112,118,68,72,47
451,skorupi,451,8,120,66,551,1,Poison,Bug,4,7,40,50,90,30,55,65
452,drapion,452,13,615,175,552,1,Poison,Dark,4,17,70,90,110,60,75,95
453,croagunk,453,7,230,60,553,1,Poison,Fighting,4,2,48,61,40,61,40,50
454,toxicroak,454,13,444,172,554,1,Poison,Fighting,4,2,83,106,65,86,65,85
455,carnivine,455,14,270,159,555,1,Grass,,12,,74,100,72,90,72,46
456,finneon,456,4,70,66,556,1,Water,,11,,49,49,56,49,61,66
457,lumineon,457,12,240,161,557,1,Water,,11,,69,69,76,69,86,91
458,mantyke,458,10,650,69,302,1,Water,Flying,11,3,45,20,50,60,120,50
459,snover,459,10,505,67,558,1,Grass,Ice,12,15,60,62,50,62,60,40
460,abomasnow,460,22,1355,173,559,1,Grass,Ice,12,15,90,92,75,92,85,60
461,weavile,461,11,340,179,290,1,Dark,Ice,17,15,70,120,65,45,85,125
462,magnezone,462,12,1800,241,119,1,Electric,Steel,13,9,70,70,115,130,90,60
463,lickilicky,463,17,1400,180,155,1,Normal,,1,,110,85,95,80,95,50
464,rhyperior,464,24,2828,241,160,1,Ground,Rock,5,6,115,140,130,55,55,40
465,tangrowth,465,20,1286,187,165,1,Grass,,12,,100,100,125,110,50,50
466,electivire,466,18,1386,243,184,1,Electric,,13,,75,123,67,95,85,95
467,magmortar,467,16,680,243,187,1,Fire,,10,,75,95,67,125,95,83
468,togekiss,468,15,380,245,247,1,Fairy,Flying,18,3,85,50,95,120,115,80
469,yanmega,469,19,515,180,267,1,Bug,Flying,7,3,86,76,86,116,56,95
470,leafeon,470,10,255,184,202,1,Grass,,12,,65,110,130,60,65,95
471,glaceon,471,8,259,184,203,1,Ice,,15,,65,60,110,130,95,65
472,gliscor,472,20,425,179,282,1,Ground,Flying,5,3,75,95,125,45,75,95
473,mamoswine,473,25,2910,239,297,1,Ice,Ground,15,5,110,130,80,70,60,80
474,porygon_z,474,9,340,241,207,1,Normal,,1,,85,80,70,135,75,90
475,gallade,475,16,520,233,358,1,Psychic,Fighting,14,2,68,125,65,65,115,80
476,probopass,476,14,3400,184,376,1,Rock,Steel,6,9,60,55,145,75,150,40
477,dusknoir,477,22,1066,236,448,1,Ghost,,8,,45,100,135,65,135,45
478,froslass,478,13,266,168,457,1,Ice,Ghost,15,8,70,80,70,80,70,110
479,rotom,479,3,3,154,561,1,Electric,Ghost,13,8,50,50,77,95,77,91
480,uxie,480,3,3,261,567,1,Psychic,,14,,75,75,130,75,130,95
481,mesprit,481,3,3,261,568,1,Psychic,,14,,80,105,105,105,105,80
482,azelf,482,3,3,261,569,1,Psychic,,14,,75,125,70,125,70,115
483,dialga,483,54,6830,306,570,1,Steel,Dragon,9,16,100,120,120,150,100,90
484,palkia,484,42,3360,306,571,1,Water,Dragon,11,16,90,120,100,150,120,100
485,heatran,485,17,4300,270,572,1,Fire,Steel,10,9,91,90,106,130,106,77
486,regigigas,486,37,4200,302,573,1,Normal,,1,,110,160,110,80,110,100
487,giratina_altered,487,45,7500,306,574,1,Ghost,Dragon,8,16,150,100,120,100,120,90
488,cresselia,488,15,856,270,576,1,Psychic,,14,,120,70,120,75,130,85
489,phione,489,4,31,216,577,1,Water,,11,,80,80,80,80,80,80
490,manaphy,490,3,14,270,578,1,Water,,11,,100,100,100,100,100,100
491,darkrai,491,15,505,270,579,1,Dark,,17,,70,90,90,135,90,125
492,shaymin_land,492,2,21,270,580,1,Grass,,12,,100,100,100,100,100,100
493,arceus,493,32,3200,324,582,1,Normal,,1,,120,120,120,120,120,120
494,victini,494,4,40,270,583,1,Psychic,Fire,14,10,100,100,100,100,100,100
495,snivy,495,6,81,62,584,1,Grass,,12,,45,45,55,45,55,63
496,servine,496,8,160,145,585,1,Grass,,12,,60,60,75,60,75,83
497,serperior,497,33,630,238,586,1,Grass,,12,,75,75,95,75,95,113
498,tepig,498,5,99,62,587,1,Fire,,10,,65,63,45,45,45,45
499,pignite,499,10,555,146,588,1,Fire,Fighting,10,2,90,93,55,70,55,55
500,emboar,500,16,1500,238,589,1,Fire,Fighting,10,2,110,123,65,100,65,65
501,oshawott,501,5,59,62,590,1,Water,,11,,55,55,45,63,45,45
502,dewott,502,8,245,145,591,1,Water,,11,,75,75,60,83,60,60
503,samurott,503,15,946,238,592,1,Water,,11,,95,100,85,108,70,70
504,patrat,504,5,116,51,593,1,Normal,,1,,45,55,39,35,39,42
505,watchog,505,11,270,147,594,1,Normal,,1,,60,85,69,60,69,77
506,lillipup,506,4,41,55,595,1,Normal,,1,,45,60,45,25,45,55
507,herdier,507,9,147,130,596,1,Normal,,1,,65,80,65,35,65,60
508,stoutland,508,12,610,225,597,1,Normal,,1,,85,110,90,45,90,80
509,purrloin,509,4,101,56,598,1,Dark,,17,,41,50,37,50,37,66
510,liepard,510,11,375,156,599,1,Dark,,17,,64,88,50,88,50,106
511,pansage,511,6,105,63,600,1,Grass,,12,,50,53,48,53,48,64
512,simisage,512,11,305,174,601,1,Grass,,12,,75,98,63,98,63,101
513,pansear,513,6,110,63,602,1,Fire,,10,,50,53,48,53,48,64
514,simisear,514,10,280,174,603,1,Fire,,10,,75,98,63,98,63,101
515,panpour,515,6,135,63,604,1,Water,,11,,50,53,48,53,48,64
516,simipour,516,10,290,174,605,1,Water,,11,,75,98,63,98,63,101
517,munna,517,6,233,58,606,1,Psychic,,14,,76,25,45,67,55,24
518,musharna,518,11,605,170,607,1,Psychic,,14,,116,55,85,107,95,29
519,pidove,519,3,21,53,608,1,Normal,Flying,1,3,50,55,50,36,30,43
520,tranquill,520,6,150,125,609,1,Normal,Flying,1,3,62,77,62,50,42,65
521,unfezant,521,12,290,220,610,1,Normal,Flying,1,3,80,115,80,65,55,93
522,blitzle,522,8,298,59,611,1,Electric,,13,,45,60,32,50,32,76
523,zebstrika,523,16,795,174,612,1,Electric,,13,,75,100,63,80,63,116
524,roggenrola,524,4,180,56,613,1,Rock,,6,,55,75,85,25,25,15
525,boldore,525,9,1020,137,614,1,Rock,,6,,70,105,105,50,40,20
526,gigalith,526,17,2600,232,615,1,Rock,,6,,85,135,130,60,80,25
527,woobat,527,4,21,65,616,1,Psychic,Flying,14,3,65,45,43,55,43,72
528,swoobat,528,9,105,149,617,1,Psychic,Flying,14,3,67,57,55,77,55,114
529,drilbur,529,3,85,66,618,1,Ground,,5,,60,85,40,30,45,68
530,excadrill,530,7,404,178,619,1,Ground,Steel,5,9,110,135,60,50,65,88
531,audino,531,11,310,390,620,1,Normal,,1,,103,60,86,60,86,50
532,timburr,532,6,125,61,622,1,Fighting,,2,,75,80,55,25,35,35
533,gurdurr,533,12,400,142,623,1,Fighting,,2,,85,105,85,40,50,40
534,conkeldurr,534,14,870,227,624,1,Fighting,,2,,105,140,95,55,65,45
535,tympole,535,5,45,59,625,1,Water,,11,,50,50,40,50,40,64
536,palpitoad,536,8,170,134,626,1,Water,Ground,11,5,75,65,55,65,55,69
537,seismitoad,537,15,620,229,627,1,Water,Ground,11,5,105,95,75,85,75,74
538,throh,538,13,555,163,628,1,Fighting,,2,,120,100,85,30,85,45
539,sawk,539,14,510,163,629,1,Fighting,,2,,75,125,75,30,75,85
540,sewaddle,540,3,25,62,630,1,Bug,Grass,7,12,45,53,70,40,60,42
541,swadloon,541,5,73,133,631,1,Bug,Grass,7,12,55,63,90,50,80,42
542,leavanny,542,12,205,225,632,1,Bug,Grass,7,12,75,103,80,70,80,92
543,venipede,543,4,53,52,633,1,Bug,Poison,7,4,30,45,59,30,39,57
544,whirlipede,544,12,585,126,634,1,Bug,Poison,7,4,40,55,99,40,79,47
545,scolipede,545,25,2005,218,635,1,Bug,Poison,7,4,60,100,89,55,69,112
546,cottonee,546,3,6,56,636,1,Grass,Fairy,12,18,40,27,60,37,50,66
547,whimsicott,547,7,66,168,637,1,Grass,Fairy,12,18,60,67,85,77,75,116
548,petilil,548,5,66,56,638,1,Grass,,12,,45,35,50,70,50,30
549,lilligant,549,11,163,168,639,1,Grass,,12,,70,60,75,110,75,90
550,basculin_red_striped,550,10,180,161,640,1,Water,,11,,70,92,65,80,55,98
551,sandile,551,7,152,58,642,1,Ground,Dark,5,17,50,72,35,35,35,65
552,krokorok,552,10,334,123,643,1,Ground,Dark,5,17,60,82,45,45,45,74
553,krookodile,553,15,963,234,644,1,Ground,Dark,5,17,95,117,80,65,70,92
554,darumaka,554,6,375,63,645,1,Fire,,10,,70,90,45,15,45,50
555,darmanitan_standard,555,13,929,168,646,1,Fire,,10,,105,140,55,30,55,95
556,maractus,556,10,280,161,648,1,Grass,,12,,75,86,67,106,67,60
557,dwebble,557,3,145,65,649,1,Bug,Rock,7,6,50,65,85,35,35,55
558,crustle,558,14,2000,170,650,1,Bug,Rock,7,6,70,105,125,65,75,45
559,scraggy,559,6,118,70,651,1,Dark,Fighting,17,2,50,75,70,35,70,48
560,scrafty,560,11,300,171,652,1,Dark,Fighting,17,2,65,90,115,45,115,58
561,sigilyph,561,14,140,172,653,1,Psychic,Flying,14,3,72,58,80,103,80,97
562,yamask,562,5,15,61,654,1,Ghost,,8,,38,30,85,55,65,30
563,cofagrigus,563,17,765,169,655,1,Ghost,,8,,58,50,145,95,105,30
564,tirtouga,564,7,165,71,656,1,Water,Rock,11,6,54,78,103,53,45,22
565,carracosta,565,12,810,173,657,1,Water,Rock,11,6,74,108,133,83,65,32
566,archen,566,5,95,71,658,1,Rock,Flying,6,3,55,112,45,74,45,70
567,archeops,567,14,320,177,659,1,Rock,Flying,6,3,75,140,65,112,65,110
568,trubbish,568,6,310,66,660,1,Poison,,4,,50,50,62,40,62,65
569,garbodor,569,19,1073,166,661,1,Poison,,4,,80,95,82,60,82,75
570,zorua,570,7,125,66,662,1,Dark,,17,,40,65,40,80,40,65
571,zoroark,571,16,811,179,663,1,Dark,,17,,60,105,60,120,60,105
572,minccino,572,4,58,60,664,1,Normal,,1,,55,50,40,40,40,75
573,cinccino,573,5,75,165,665,1,Normal,,1,,75,95,60,65,60,115
574,gothita,574,4,58,58,666,1,Psychic,,14,,45,30,50,55,65,45
575,gothorita,575,7,180,137,667,1,Psychic,,14,,60,45,70,75,85,55
576,gothitelle,576,15,440,221,668,1,Psychic,,14,,70,55,95,95,110,65
577,solosis,577,3,10,58,669,1,Psychic,,14,,45,30,40,105,50,20
578,duosion,578,6,80,130,670,1,Psychic,,14,,65,40,50,125,60,30
579,reuniclus,579,10,201,221,671,1,Psychic,,14,,110,65,75,125,85,30
580,ducklett,580,5,55,61,672,1,Water,Flying,11,3,62,44,50,44,50,55
581,swanna,581,13,242,166,673,1,Water,Flying,11,3,75,87,63,87,63,98
582,vanillite,582,4,57,61,674,1,Ice,,15,,36,50,50,65,60,44
583,vanillish,583,11,410,138,675,1,Ice,,15,,51,65,65,80,75,59
584,vanilluxe,584,13,575,241,676,1,Ice,,15,,71,95,85,110,95,79
585,deerling,585,6,195,67,677,1,Normal,Grass,1,12,60,60,50,40,50,75
586,sawsbuck,586,19,925,166,678,1,Normal,Grass,1,12,80,100,70,60,70,95
587,emolga,587,4,50,150,679,1,Electric,Flying,13,3,55,75,60,75,60,103
588,karrablast,588,5,59,63,680,1,Bug,,7,,50,75,45,40,45,60
589,escavalier,589,10,330,173,681,1,Bug,Steel,7,9,70,135,105,60,105,20
590,foongus,590,2,10,59,682,1,Grass,Poison,12,4,69,55,45,55,55,15
591,amoonguss,591,6,105,162,683,1,Grass,Poison,12,4,114,85,70,85,80,30
592,frillish,592,12,330,67,684,1,Water,Ghost,11,8,55,40,50,65,85,40
593,jellicent,593,22,1350,168,685,1,Water,Ghost,11,8,100,60,70,85,105,60
594,alomomola,594,12,316,165,686,1,Water,,11,,165,75,80,40,45,65
595,joltik,595,1,6,64,687,1,Bug,Electric,7,13,50,47,50,57,50,65
596,galvantula,596,8,143,165,688,1,Bug,Electric,7,13,70,77,60,97,60,108
597,ferroseed,597,6,188,61,689,1,Grass,Steel,12,9,44,50,91,24,86,10
598,ferrothorn,598,10,1100,171,690,1,Grass,Steel,12,9,74,94,131,54,116,20
599,klink,599,3,210,60,691,1,Steel,,9,,40,55,70,45,60,30
600,klang,600,6,510,154,692,1,Steel,,9,,60,80,95,70,85,50
601,klinklang,601,6,810,234,693,1,Steel,,9,,60,100,115,70,85,90
602,tynamo,602,2,3,55,694,1,Electric,,13,,35,55,40,45,40,60
603,eelektrik,603,12,220,142,695,1,Electric,,13,,65,85,70,75,70,40
604,eelektross,604,21,805,232,696,1,Electric,,13,,85,115,80,105,80,50
605,elgyem,605,5,90,67,697,1,Psychic,,14,,55,55,55,85,55,30
606,beheeyem,606,10,345,170,698,1,Psychic,,14,,75,75,75,125,95,40
607,litwick,607,3,31,55,699,1,Ghost,Fire,8,10,50,30,55,65,55,20
608,lampent,608,6,130,130,700,1,Ghost,Fire,8,10,60,40,60,95,60,55
609,chandelure,609,10,343,234,701,1,Ghost,Fire,8,10,60,55,90,145,90,80
610,axew,610,6,180,64,702,1,Dragon,,16,,46,87,60,30,40,57
611,fraxure,611,10,360,144,703,1,Dragon,,16,,66,117,70,40,50,67
612,haxorus,612,18,1055,243,704,1,Dragon,,16,,76,147,90,60,70,97
613,cubchoo,613,5,85,61,705,1,Ice,,15,,55,70,40,60,40,40
614,beartic,614,26,2600,177,706,1,Ice,,15,,95,130,80,70,80,50
615,cryogonal,615,11,1480,180,707,1,Ice,,15,,80,50,50,95,135,105
616,shelmet,616,4,77,61,708,1,Bug,,7,,50,40,85,40,65,25
617,accelgor,617,8,253,173,709,1,Bug,,7,,80,70,40,100,60,145
618,stunfisk,618,7,110,165,710,1,Ground,Electric,5,13,109,66,84,81,99,32
619,mienfoo,619,9,200,70,711,1,Fighting,,2,,45,85,50,55,50,65
620,mienshao,620,14,355,179,712,1,Fighting,,2,,65,125,60,95,60,105
621,druddigon,621,16,1390,170,713,1,Dragon,,16,,77,120,90,60,90,48
622,golett,622,10,920,61,714,1,Ground,Ghost,5,8,59,74,50,35,50,35
623,golurk,623,28,3300,169,715,1,Ground,Ghost,5,8,89,124,80,55,80,55
624,pawniard,624,5,102,68,716,1,Dark,Steel,17,9,45,85,70,40,40,60
625,bisharp,625,16,700,172,717,1,Dark,Steel,17,9,65,125,100,60,70,70
626,bouffalant,626,16,946,172,718,1,Normal,,1,,95,110,95,40,95,55
627,rufflet,627,5,105,70,719,1,Normal,Flying,1,3,70,83,50,37,50,60
628,braviary,628,15,410,179,720,1,Normal,Flying,1,3,100,123,75,57,75,80
629,vullaby,629,5,90,74,721,1,Dark,Flying,17,3,70,55,75,45,65,60
630,mandibuzz,630,12,395,179,722,1,Dark,Flying,17,3,110,65,105,55,95,80
631,heatmor,631,14,580,169,723,1,Fire,,10,,85,97,66,105,66,65
632,durant,632,3,330,169,724,1,Bug,Steel,7,9,58,109,112,48,48,109
633,deino,633,8,173,60,725,1,Dark,Dragon,17,16,52,65,50,45,50,38
634,zweilous,634,14,500,147,726,1,Dark,Dragon,17,16,72,85,70,65,70,58
635,hydreigon,635,18,1600,270,727,1,Dark,Dragon,17,16,92,105,90,125,90,98
636,larvesta,636,11,288,72,728,1,Bug,Fire,7,10,55,85,55,50,55,60
637,volcarona,637,16,460,248,729,1,Bug,Fire,7,10,85,60,65,135,105,100
638,cobalion,638,21,2500,261,730,1,Steel,Fighting,9,2,91,90,129,90,72,108
639,terrakion,639,19,2600,261,731,1,Rock,Fighting,6,2,91,129,90,72,90,108
640,virizion,640,20,2000,261,732,1,Grass,Fighting,12,2,91,90,72,90,129,108
641,tornadus_incarnate,641,15,630,261,733,1,Flying,,3,,79,115,70,125,80,111
642,thundurus_incarnate,642,15,610,261,735,1,Electric,Flying,13,3,79,115,70,125,80,111
643,reshiram,643,32,3300,306,737,1,Dragon,Fire,16,10,100,120,100,150,120,90
644,zekrom,644,29,3450,306,738,1,Dragon,Electric,16,13,100,150,120,120,100,90
645,landorus_incarnate,645,15,680,270,739,1,Ground,Flying,5,3,89,125,90,115,80,101
646,kyurem,646,30,3250,297,741,1,Dragon,Ice,16,15,125,130,90,130,90,95
647,keldeo_ordinary,647,14,485,261,744,1,Water,Fighting,11,2,91,72,90,129,90,108
648,meloetta_aria,648,6,65,270,746,1,Normal,Psychic,1,14,100,77,77,128,128,90
649,genesect,649,15,825,270,748,1,Bug,Steel,7,9,71,120,95,120,95,99
650,chespin,650,4,90,63,749,1,Grass,,12,,56,61,65,48,45,38
651,quilladin,651,7,290,142,750,1,Grass,,12,,61,78,95,56,58,57
652,chesnaught,652,16,900,239,751,1,Grass,Fighting,12,2,88,107,122,74,75,64
653,fennekin,653,4,94,61,752,1,Fire,,10,,40,45,40,62,60,60
654,braixen,654,10,145,143,753,1,Fire,,10,,59,59,58,90,70,73
655,delphox,655,15,390,240,754,1,Fire,Psychic,10,14,75,69,72,114,100,104
656,froakie,656,3,70,63,755,1,Water,,11,,41,56,40,62,44,71
657,frogadier,657,6,109,142,756,1,Water,,11,,54,63,52,83,56,97
658,greninja,658,15,400,239,757,1,Water,Dark,11,17,72,95,67,103,71,122
659,bunnelby,659,4,50,47,760,1,Normal,,1,,38,36,38,32,36,57
660,diggersby,660,10,424,148,761,1,Normal,Ground,1,5,85,56,77,50,77,78
661,fletchling,661,3,17,56,762,1,Normal,Flying,1,3,45,50,43,40,38,62
662,fletchinder,662,7,160,134,763,1,Fire,Flying,10,3,62,73,55,56,52,84
663,talonflame,663,12,245,175,764,1,Fire,Flying,10,3,78,81,71,74,69,126
664,scatterbug,664,3,25,40,765,1,Bug,,7,,38,35,40,27,25,35
665,spewpa,665,3,84,75,766,1,Bug,,7,,45,22,60,27,30,29
666,vivillon,666,12,170,185,767,1,Bug,Flying,7,3,80,52,50,90,50,89
667,litleo,667,6,135,74,768,1,Fire,Normal,10,1,62,50,58,73,54,72
668,pyroar,668,15,815,177,769,1,Fire,Normal,10,1,86,68,72,109,66,106
669,flabebe,669,1,1,61,770,1,Fairy,,18,,44,38,39,61,79,42
670,floette,670,2,9,130,771,1,Fairy,,18,,54,45,47,75,98,52
671,florges,671,11,100,248,773,1,Fairy,,18,,78,65,68,112,154,75
672,skiddo,672,9,310,70,774,1,Grass,,12,,66,65,48,62,57,52
673,gogoat,673,17,910,186,775,1,Grass,,12,,123,100,62,97,81,68
674,pancham,674,6,80,70,776,1,Fighting,,2,,67,82,62,46,48,43
675,pangoro,675,21,1360,173,777,1,Fighting,Dark,2,17,95,124,78,69,71,58
676,furfrou,676,12,280,165,778,1,Normal,,1,,75,80,60,65,90,102
677,espurr,677,3,35,71,779,1,Psychic,,14,,62,48,54,63,60,68
678,meowstic_male,678,6,85,163,780,1,Psychic,,14,,74,48,76,83,81,104
679,honedge,679,8,20,65,782,1,Steel,Ghost,9,8,45,80,100,35,37,28
680,doublade,680,8,45,157,783,1,Steel,Ghost,9,8,59,110,150,45,49,35
681,aegislash_shield,681,17,530,234,784,1,Steel,Ghost,9,8,60,50,150,50,150,60
682,spritzee,682,2,5,68,786,1,Fairy,,18,,78,52,60,63,65,23
683,aromatisse,683,8,155,162,787,1,Fairy,,18,,101,72,72,99,89,29
684,swirlix,684,4,35,68,788,1,Fairy,,18,,62,48,66,59,57,49
685,slurpuff,685,8,50,168,789,1,Fairy,,18,,82,80,86,85,75,72
686,inkay,686,4,35,58,790,1,Dark,Psychic,17,14,53,54,53,37,46,45
687,malamar,687,15,470,169,791,1,Dark,Psychic,17,14,86,92,88,68,75,73
688,binacle,688,5,310,61,792,1,Rock,Water,6,11,42,52,67,39,56,50
689,barbaracle,689,13,960,175,793,1,Rock,Water,6,11,72,105,115,54,86,68
690,skrelp,690,5,73,64,794,1,Poison,Water,4,11,50,60,60,60,60,30
691,dragalge,691,18,815,173,795,1,Poison,Dragon,4,16,65,75,90,97,123,44
692,clauncher,692,5,83,66,796,1,Water,,11,,50,53,62,58,63,44
693,clawitzer,693,13,353,100,797,1,Water,,11,,71,73,88,120,89,59
694,helioptile,694,5,60,58,798,1,Electric,Normal,13,1,44,38,33,61,43,70
695,heliolisk,695,10,210,168,799,1,Electric,Normal,13,1,62,55,52,109,94,109
696,tyrunt,696,8,260,72,800,1,Rock,Dragon,6,16,58,89,77,45,45,48
697,tyrantrum,697,25,2700,182,801,1,Rock,Dragon,6,16,82,121,119,69,59,71
698,amaura,698,13,252,72,802,1,Rock,Ice,6,15,77,59,50,67,63,46
699,aurorus,699,27,2250,104,803,1,Rock,Ice,6,15,123,77,72,99,92,58
700,sylveon,700,10,235,184,204,1,Fairy,,18,,95,65,65,110,130,60
701,hawlucha,701,8,215,175,804,1,Fighting,Flying,2,3,78,92,75,74,63,118
702,dedenne,702,2,22,151,805,1,Electric,Fairy,13,18,67,58,57,81,67,101
703,carbink,703,3,57,100,806,1,Rock,Fairy,6,18,50,50,150,50,150,50
704,goomy,704,3,28,60,807,1,Dragon,,16,,45,50,35,55,75,40
705,sliggoo,705,8,175,158,808,1,Dragon,,16,,68,75,53,83,113,60
706,goodra,706,20,1505,270,809,1,Dragon,,16,,90,100,70,110,150,80
707,klefki,707,2,30,165,810,1,Steel,Fairy,9,18,57,80,91,80,87,75
708,phantump,708,4,70,62,811,1,Ghost,Grass,8,12,43,70,48,50,60,38
709,trevenant,709,15,710,166,812,1,Ghost,Grass,8,12,85,110,76,65,82,56
710,pumpkaboo_average,710,4,50,67,813,1,Ghost,Grass,8,12,49,66,70,44,55,51
711,gourgeist_average,711,9,125,173,817,1,Ghost,Grass,8,12,65,90,122,58,75,84
712,bergmite,712,10,995,61,821,1,Ice,,15,,55,69,85,32,35,28
713,avalugg,713,20,5050,180,822,1,Ice,,15,,95,117,184,44,46,28
714,noibat,714,5,80,49,823,1,Flying,Dragon,3,16,40,30,35,45,40,55
715,noivern,715,15,850,187,824,1,Flying,Dragon,3,16,85,70,80,97,80,123
716,xerneas,716,30,2150,306,825,1,Fairy,,18,,126,131,95,131,98,99
717,yveltal,717,58,2030,306,826,1,Dark,Flying,17,3,126,131,95,131,98,99
718,zygarde,718,50,3050,270,827,1,Dragon,Ground,16,5,108,100,121,81,95,95
719,diancie,719,7,88,270,831,1,Rock,Fairy,6,18,50,100,150,100,150,50
720,hoopa,720,5,90,270,833,1,Psychic,Ghost,14,8,80,110,60,150,130,70
721,volcanion,721,17,1950,270,835,1,Fire,Water,10,11,80,110,120,130,90,70
722,rowlet,722,3,15,64,836,1,Grass,Flying,12,3,68,55,55,50,50,42
723,dartrix,723,7,160,147,837,1,Grass,Flying,12,3,78,75,75,70,70,52
724,decidueye,724,16,366,239,838,1,Grass,Ghost,12,8,78,107,75,100,100,70
725,litten,725,4,43,64,839,1,Fire,,10,,45,65,40,60,40,70
726,torracat,726,7,250,147,840,1,Fire,,10,,65,85,50,80,50,90
727,incineroar,727,18,830,239,841,1,Fire,Dark,10,17,95,115,90,80,90,60
728,popplio,728,4,75,64,842,1,Water,,11,,50,54,54,66,56,40
729,brionne,729,6,175,147,843,1,Water,,11,,60,69,69,91,81,50
730,primarina,730,18,440,239,844,1,Water,Fairy,11,18,80,74,74,126,116,60
731,pikipek,731,3,12,53,845,1,Normal,Flying,1,3,35,75,30,30,30,65
732,trumbeak,732,6,148,124,846,1,Normal,Flying,1,3,55,85,50,40,50,75
733,toucannon,733,11,260,218,847,1,Normal,Flying,1,3,80,120,75,75,75,60
734,yungoos,734,4,60,51,848,1,Normal,,1,,48,70,30,30,30,45
735,gumshoos,735,7,142,146,849,1,Normal,,1,,88,110,60,55,60,45
736,grubbin,736,4,44,60,851,1,Bug,,7,,47,62,45,55,45,46
737,charjabug,737,5,105,140,852,1,Bug,Electric,7,13,57,82,95,55,75,36
738,vikavolt,738,15,450,225,853,1,Bug,Electric,7,13,77,70,90,145,75,43
739,crabrawler,739,6,70,68,855,1,Fighting,,2,,47,82,57,42,47,63
740,crabominable,740,17,1800,167,856,1,Fighting,Ice,2,15,97,132,77,62,67,43
741,oricorio_baile,741,6,34,167,857,1,Fire,Flying,10,3,75,70,70,98,70,93
742,cutiefly,742,1,2,61,861,1,Bug,Fairy,7,18,40,45,40,55,40,84
743,ribombee,743,2,5,162,862,1,Bug,Fairy,7,18,60,55,60,95,70,124
744,rockruff,744,5,92,56,863,1,Rock,,6,,45,65,40,30,40,60
745,lycanroc_midday,745,8,250,170,864,1,Rock,,6,,75,115,65,55,65,112
746,wishiwashi_solo,746,2,3,61,866,1,Water,,11,,45,20,20,25,25,40
747,mareanie,747,4,80,61,868,1,Poison,Water,4,11,50,53,62,43,52,45
748,toxapex,748,7,145,173,869,1,Poison,Water,4,11,50,63,152,53,142,35
749,mudbray,749,10,1100,77,870,1,Ground,,5,,70,100,70,45,55,45
750,mudsdale,750,25,9200,175,871,1,Ground,,5,,100,125,100,55,85,35
751,dewpider,751,3,40,54,872,1,Water,Bug,11,7,38,40,52,40,72,27
752,araquanid,752,18,820,159,873,1,Water,Bug,11,7,68,70,92,50,132,42
753,fomantis,753,3,15,50,874,1,Grass,,12,,40,55,35,50,35,35
754,lurantis,754,9,185,168,875,1,Grass,,12,,70,105,90,80,90,45
755,morelull,755,2,15,57,877,1,Grass,Fairy,12,18,40,35,55,65,75,15
756,shiinotic,756,10,115,142,878,1,Grass,Fairy,12,18,60,45,80,90,100,30
757,salandit,757,6,48,64,879,1,Poison,Fire,4,10,48,44,40,71,40,77
758,salazzle,758,12,222,168,880,1,Poison,Fire,4,10,68,64,60,111,60,117
759,stufful,759,5,68,68,882,1,Normal,Fighting,1,2,70,75,50,45,50,50
760,bewear,760,21,1350,175,883,1,Normal,Fighting,1,2,120,125,80,55,60,60
761,bounsweet,761,3,32,42,884,1,Grass,,12,,42,30,38,30,38,32
762,steenee,762,7,82,102,885,1,Grass,,12,,52,40,48,40,48,62
763,tsareena,763,12,214,230,886,1,Grass,,12,,72,120,98,50,98,72
764,comfey,764,1,3,170,887,1,Fairy,,18,,51,52,90,82,110,100
765,oranguru,765,15,760,172,888,1,Normal,Psychic,1,14,90,60,80,90,110,60
766,passimian,766,20,828,172,889,1,Fighting,,2,,100,120,90,40,60,80
767,wimpod,767,5,120,46,890,1,Bug,Water,7,11,25,35,40,20,30,80
768,golisopod,768,20,1080,186,891,1,Bug,Water,7,11,75,125,140,60,90,40
769,sandygast,769,5,700,64,892,1,Ghost,Ground,8,5,55,55,80,70,45,15
770,palossand,770,13,2500,168,893,1,Ghost,Ground,8,5,85,75,110,100,75,35
771,pyukumuku,771,3,12,144,894,1,Water,,11,,55,60,130,30,130,5
772,type_null,772,19,1205,107,895,1,Normal,,1,,95,95,95,95,95,59
773,silvally,773,23,1005,114,896,1,Normal,,1,,95,95,95,95,95,95
774,minior_red_meteor,774,3,400,154,897,1,Rock,Flying,6,3,60,60,100,60,100,60
775,komala,775,4,199,168,911,1,Normal,,1,,65,115,65,75,95,65
776,turtonator,776,20,2120,170,912,1,Fire,Dragon,10,16,60,78,135,91,85,36
777,togedemaru,777,3,33,152,913,1,Electric,Steel,13,9,65,98,63,40,73,96
778,mimikyu_disguised,778,2,7,167,914,1,Ghost,Fairy,8,18,55,90,80,50,105,96
779,bruxish,779,9,190,166,918,1,Water,Psychic,11,14,68,105,70,70,70,92
780,drampa,780,30,1850,170,919,1,Normal,Dragon,1,16,78,60,85,135,91,36
781,dhelmise,781,39,2100,181,920,1,Ghost,Grass,8,12,70,131,100,86,90,40
782,jangmo_o,782,6,297,60,921,1,Dragon,,16,,45,55,65,45,45,45
783,hakamo_o,783,12,470,147,922,1,Dragon,Fighting,16,2,55,75,90,65,70,65
784,kommo_o,784,16,782,270,923,1,Dragon,Fighting,16,2,75,110,125,100,105,85
785,tapu_koko,785,18,205,114,925,1,Electric,Fairy,13,18,70,115,85,95,75,130
786,tapu_lele,786,12,186,114,926,1,Psychic,Fairy,14,18,70,85,75,130,115,95
787,tapu_bulu,787,19,455,114,927,1,Grass,Fairy,12,18,70,130,115,85,95,75
788,tapu_fini,788,13,212,114,928,1,Water,Fairy,11,18,70,75,115,95,130,85
789,cosmog,789,2,1,40,929,1,Psychic,,14,,43,29,31,29,31,37
790,cosmoem,790,1,9999,80,930,1,Psychic,,14,,43,29,131,29,131,37
791,solgaleo,791,34,2300,136,931,1,Psychic,Steel,14,9,137,137,107,113,89,97
792,lunala,792,40,1200,136,932,1,Psychic,Ghost,14,8,137,113,89,137,107,97
793,nihilego,793,12,555,114,933,1,Rock,Poison,6,4,109,53,47,127,131,103
794,buzzwole,794,24,3336,114,934,1,Bug,Fighting,7,2,107,139,139,53,53,79
795,pheromosa,795,18,250,114,935,1,Bug,Fighting,7,2,71,137,37,137,37,151
796,xurkitree,796,38,1000,114,936,1,Electric,,13,,83,89,71,173,71,83
797,celesteela,797,92,9999,114,937,1,Steel,Flying,9,3,97,101,103,107,101,61
798,kartana,798,3,1,114,938,1,Grass,Steel,12,9,59,181,131,59,31,109
799,guzzlord,799,55,8880,114,939,1,Dark,Dragon,17,16,223,101,53,97,53,43
800,necrozma,800,24,2300,120,940,1,Psychic,,14,,97,107,101,127,89,79
801,magearna,801,10,805,120,941,1,Steel,Fairy,9,18,80,95,115,130,115,65
802,marshadow,802,7,222,120,943,1,Fighting,Ghost,2,8,90,125,80,90,90,125
10001,deoxys_attack,386,17,608,270,489,0,Psychic,,14,,50,180,20,180,20,150
10002,deoxys_defense,386,17,608,270,490,0,Psychic,,14,,50,70,160,70,160,90
10003,deoxys_speed,386,17,608,270,491,0,Psychic,,14,,50,95,90,95,90,180
10004,wormadam_sandy,413,5,65,148,517,0,Bug,Ground,7,5,60,79,105,59,85,36
10005,wormadam_trash,413,5,65,148,518,0,Bug,Steel,7,9,60,69,95,69,95,36
10006,shaymin_sky,492,4,52,270,581,0,Grass,Flying,12,3,100,103,75,120,75,127
10007,giratina_origin,487,69,6500,306,575,0,Ghost,Dragon,8,16,150,120,100,120,100,90
10008,rotom_heat,479,3,3,182,562,0,Electric,Fire,13,10,50,65,107,105,107,86
10009,rotom_wash,479,3,3,182,563,0,Electric,Water,13,11,50,65,107,105,107,86
10010,rotom_frost,479,3,3,182,564,0,Electric,Ice,13,15,50,65,107,105,107,86
10011,rotom_fan,479,3,3,182,565,0,Electric,Flying,13,3,50,65,107,105,107,86
10012,rotom_mow,479,3,3,182,566,0,Electric,Grass,13,12,50,65,107,105,107,86
10013,castform_sunny,351,3,8,147,439,0,Fire,,10,,70,70,70,70,70,70
10014,castform_rainy,351,3,8,147,440,0,Water,,11,,70,70,70,70,70,70
10015,castform_snowy,351,3,8,147,441,0,Ice,,15,,70,70,70,70,70,70
10016,basculin_blue_striped,550,10,180,161,641,0,Water,,11,,70,92,65,80,55,98
10017,darmanitan_zen,555,13,929,189,647,0,Fire,Psychic,10,14,105,30,105,140,105,55
10018,meloetta_pirouette,648,6,65,270,747,0,Normal,Fighting,1,2,100,128,90,77,77,128
10019,tornadus_therian,641,14,630,261,734,0,Flying,,3,,79,100,80,110,90,121
10020,thundurus_therian,642,30,610,261,736,0,Electric,Flying,13,3,79,105,70,145,80,101
10021,landorus_therian,645,13,680,270,740,0,Ground,Flying,5,3,89,145,90,105,80,91
10022,kyurem_black,646,33,3250,315,743,0,Dragon,Ice,16,15,125,170,100,120,90,95
10023,kyurem_white,646,36,3250,315,742,0,Dragon,Ice,16,15,125,120,90,170,100,95
10024,keldeo_resolute,647,14,485,261,745,0,Water,Fighting,11,2,91,72,90,129,90,108
10025,meowstic_female,678,6,85,163,781,0,Psychic,,14,,74,48,76,83,81,104
10026,aegislash_blade,681,17,530,234,785,0,Steel,Ghost,9,8,60,150,50,150,50,60
10027,pumpkaboo_small,710,3,35,67,814,0,Ghost,Grass,8,12,44,66,70,44,55,56
10028,pumpkaboo_large,710,5,75,67,815,0,Ghost,Grass,8,12,54,66,70,44,55,46
10029,pumpkaboo_super,710,8,150,67,816,0,Ghost,Grass,8,12,59,66,70,44,55,41
10030,gourgeist_small,711,7,95,173,818,0,Ghost,Grass,8,12,55,85,122,58,75,99
10031,gourgeist_large,711,11,140,173,819,0,Ghost,Grass,8,12,75,95,122,58,75,69
10032,gourgeist_super,711,17,390,173,820,0,Ghost,Grass,8,12,85,100,122,58,75,54
10033,venusaur_mega,3,24,1555,281,4,0,Grass,Poison,12,4,80,100,123,122,120,80
10034,charizard_mega_x,6,17,1105,285,8,0,Fire,Dragon,10,16,78,130,111,130,85,100
10035,charizard_mega_y,6,17,1005,285,9,0,Fire,Flying,10,3,78,104,78,159,115,100
10036,blastoise_mega,9,16,1011,284,13,0,Water,,11,,79,103,120,135,115,78
10037,alakazam_mega,65,12,480,270,96,0,Psychic,,14,,55,50,65,175,105,150
10038,gengar_mega,94,14,405,270,134,0,Ghost,Poison,8,4,60,65,80,170,95,130
10039,kangaskhan_mega,115,22,1000,207,167,0,Normal,,1,,105,125,100,60,100,100
10040,pinsir_mega,127,17,590,210,189,0,Bug,Flying,7,3,65,155,120,65,90,105
10041,gyarados_mega,130,65,3050,224,193,0,Water,Dark,11,17,95,155,109,70,130,81
10042,aerodactyl_mega,142,21,790,215,213,0,Rock,Flying,6,3,80,135,85,70,95,150
10043,mewtwo_mega_x,150,23,1270,351,223,0,Psychic,Fighting,14,2,106,190,100,154,100,130
10044,mewtwo_mega_y,150,15,330,351,224,0,Psychic,,14,,106,150,70,194,120,140
10045,ampharos_mega,181,14,615,275,253,0,Electric,Dragon,13,16,90,95,105,165,110,45
10046,scizor_mega,212,20,1250,210,179,0,Bug,Steel,7,9,70,150,140,65,100,75
10047,heracross_mega,214,17,625,210,288,0,Bug,Fighting,7,2,80,185,115,40,105,75
10048,houndoom_mega,229,19,495,210,307,0,Dark,Fire,17,10,75,90,90,140,90,115
10049,tyranitar_mega,248,25,2550,315,319,0,Rock,Dark,6,17,100,164,150,95,120,71
10050,blaziken_mega,257,19,520,284,330,0,Fire,Fighting,10,2,80,160,80,130,80,100
10051,gardevoir_mega,282,16,484,278,357,0,Psychic,Fairy,14,18,68,85,65,165,135,100
10052,mawile_mega,303,10,235,168,382,0,Steel,Fairy,9,18,50,105,125,55,95,50
10053,aggron_mega,306,22,3950,284,386,0,Steel,,9,,70,140,230,60,80,50
10054,medicham_mega,308,13,315,179,389,0,Fighting,Psychic,2,14,60,100,85,80,85,100
10055,manectric_mega,310,18,440,201,392,0,Electric,,13,,70,75,80,135,80,135
10056,banette_mega,354,12,130,194,445,0,Ghost,,8,,64,165,75,93,83,75
10057,absol_mega,359,12,490,198,453,0,Dark,,17,,65,150,60,115,60,115
10058,garchomp_mega,445,19,950,315,545,0,Dragon,Ground,16,5,108,170,115,120,95,92
10059,lucario_mega,448,13,575,219,548,0,Fighting,Steel,2,9,70,145,88,140,70,112
10060,abomasnow_mega,460,27,1850,208,560,0,Grass,Ice,12,15,90,132,105,132,105,30
10061,floette_eternal,670,2,9,243,772,0,Fairy,,18,,74,65,67,125,128,92
10062,latias_mega,380,18,520,315,478,0,Dragon,Psychic,16,14,80,100,120,140,150,110
10063,latios_mega,381,23,700,315,480,0,Dragon,Psychic,16,14,80,130,100,160,120,110
10064,swampert_mega,260,19,1020,286,334,0,Water,Ground,11,5,100,150,110,95,110,70
10065,sceptile_mega,254,19,552,284,326,0,Grass,Dragon,12,16,70,110,75,145,85,145
10066,sableye_mega,302,5,1610,168,380,0,Dark,Ghost,17,8,50,85,125,85,115,20
10067,altaria_mega,334,15,206,207,421,0,Dragon,Fairy,16,18,75,110,110,110,105,80
10068,gallade_mega,475,16,564,278,359,0,Psychic,Fighting,14,2,68,165,95,65,115,110
10069,audino_mega,531,15,320,425,621,0,Normal,Fairy,1,18,103,60,126,80,126,50
10070,sharpedo_mega,319,25,1303,196,404,0,Water,Dark,11,17,70,140,70,110,65,105
10071,slowbro_mega,80,20,1200,207,115,0,Water,Psychic,11,14,95,75,180,130,80,30
10072,steelix_mega,208,105,7400,214,137,0,Steel,Ground,9,5,75,125,230,55,95,30
10073,pidgeot_mega,18,22,505,261,24,0,Normal,Flying,1,3,83,80,80,135,80,121
10074,glalie_mega,362,21,3502,203,456,0,Ice,,15,,80,120,80,120,80,100
10075,diancie_mega,719,11,278,315,832,0,Rock,Fairy,6,18,50,160,110,160,110,110
10076,metagross_mega,376,25,9429,315,473,0,Steel,Psychic,9,14,80,145,150,105,110,110
10077,kyogre_primal,382,98,4300,347,482,0,Water,,11,,100,150,90,180,160,90
10078,groudon_primal,383,50,9997,347,484,0,Ground,Fire,5,10,100,180,160,150,90,90
10079,rayquaza_mega,384,108,3920,351,486,0,Dragon,Flying,16,3,105,180,100,180,100,115
10080,pikachu_rock_star,25,4,60,112,37,0,Electric,,13,,35,55,40,50,50,90
10081,pikachu_belle,25,4,60,112,38,0,Electric,,13,,35,55,40,50,50,90
10082,pikachu_pop_star,25,4,60,112,39,0,Electric,,13,,35,55,40,50,50,90
10083,pikachu_phd,25,4,60,112,40,0,Electric,,13,,35,55,40,50,50,90
10084,pikachu_libre,25,4,60,112,41,0,Electric,,13,,35,55,40,50,50,90
10085,pikachu_cosplay,25,4,60,112,36,0,Electric,,13,,35,55,40,50,50,90
10086,hoopa_unbound,720,65,4900,306,834,0,Psychic,Dark,14,17,80,160,60,170,130,80
10087,camerupt_mega,323,25,3205,196,409,0,Fire,Ground,10,5,70,120,100,145,105,20
10088,lopunny_mega,428,13,283,203,533,0,Normal,Fighting,1,2,65,136,94,54,96,135
10089,salamence_mega,373,18,1126,315,469,0,Dragon,Flying,16,3,95,145,130,120,90,120
10090,beedrill_mega,15,14,405,223,20,0,Bug,Poison,7,4,65,150,40,15,80,145
10091,rattata_alola,19,3,38,51,26,0,Dark,Normal,17,1,30,56,35,25,35,72
10092,raticate_alola,20,7,255,145,28,0,Dark,Normal,17,1,75,71,70,40,80,77
10093,raticate_totem_alola,20,14,1050,145,29,0,Dark,Normal,17,1,75,71,70,40,80,77
10094,pikachu_original_cap,25,4,60,112,36,0,Electric,,13,,35,55,40,50,50,90
10095,pikachu_hoenn_cap,25,4,60,112,37,0,Electric,,13,,35,55,40,50,50,90
10096,pikachu_sinnoh_cap,25,4,60,112,38,0,Electric,,13,,35,55,40,50,50,90
10097,pikachu_unova_cap,25,4,60,112,39,0,Electric,,13,,35,55,40,50,50,90
10098,pikachu_kalos_cap,25,4,60,112,40,0,Electric,,13,,35,55,40,50,50,90
10099,pikachu_alola_cap,25,4,60,112,41,0,Electric,,13,,35,55,40,50,50,90
10100,raichu_alola,26,7,210,218,43,0,Electric,Psychic,13,14,60,85,50,95,85,110
10101,sandshrew_alola,27,7,400,60,45,0,Ice,Steel,15,9,50,75,90,10,35,40
10102,sandslash_alola,28,12,550,158,47,0,Ice,Steel,15,9,75,100,120,25,65,65
10103,vulpix_alola,37,6,99,60,58,0,Ice,,15,,38,41,40,50,65,65
10104,ninetales_alola,38,11,199,177,60,0,Ice,Fairy,15,18,73,67,75,81,100,109
10105,diglett_alola,50,2,10,53,76,0,Ground,Steel,5,9,10,55,30,35,45,90
10106,dugtrio_alola,51,7,666,149,78,0,Ground,Steel,5,9,35,100,60,50,70,110
10107,meowth_alola,52,4,42,58,80,0,Dark,,17,,40,35,35,50,40,90
10108,persian_alola,53,11,330,154,82,0,Dark,,17,,65,60,60,75,65,115
10109,geodude_alola,74,4,203,60,106,0,Rock,Electric,6,13,40,80,100,30,30,20
10110,graveler_alola,75,10,1100,137,108,0,Rock,Electric,6,13,55,95,115,45,45,35
10111,golem_alola,76,17,3160,223,110,0,Rock,Electric,6,13,80,120,130,55,65,45
10112,grimer_alola,88,7,420,65,126,0,Poison,Dark,4,17,80,80,50,40,50,25
10113,muk_alola,89,10,520,175,128,0,Poison,Dark,4,17,105,105,75,65,100,50
10114,exeggutor_alola,103,109,4156,186,146,0,Grass,Dragon,12,16,95,105,85,125,75,45
10115,marowak_alola,105,10,340,149,149,0,Fire,Ghost,10,8,60,80,110,50,80,45
10116,greninja_battle_bond,658,15,400,239,758,0,Water,Dark,11,17,72,95,67,103,71,122
10117,greninja_ash,658,15,400,288,759,0,Water,Dark,11,17,72,145,67,153,71,132
10118,zygarde_10,718,12,335,219,828,0,Dragon,Ground,16,5,54,100,71,61,85,115
10119,zygarde_50,718,50,3050,270,829,0,Dragon,Ground,16,5,108,100,121,81,95,95
10120,zygarde_complete,718,45,6100,319,830,0,Dragon,Ground,16,5,216,100,121,91,95,85
10121,gumshoos_totem,735,14,600,146,850,0,Normal,,1,,88,110,60,55,60,45
10122,vikavolt_totem,738,26,1475,225,854,0,Bug,Electric,7,13,77,70,90,145,75,43
10123,oricorio_pom_pom,741,6,34,167,858,0,Electric,Flying,13,3,75,70,70,98,70,93
10124,oricorio_pau,741,6,34,167,859,0,Psychic,Flying,14,3,75,70,70,98,70,93
10125,oricorio_sensu,741,6,34,167,860,0,Ghost,Flying,8,3,75,70,70,98,70,93
10126,lycanroc_midnight,745,11,250,170,865,0,Rock,,6,,85,115,75,55,75,82
10127,wishiwashi_school,746,82,786,217,867,0,Water,,11,,45,140,130,140,135,30
10128,lurantis_totem,754,15,580,168,876,0,Grass,,12,,70,105,90,80,90,45
10129,salazzle_totem,758,21,810,168,881,0,Poison,Fire,4,10,68,64,60,111,60,117
10130,minior_orange_meteor,774,3,400,154,898,0,Rock,Flying,6,3,60,60,100,60,100,60
10131,minior_yellow_meteor,774,3,400,154,899,0,Rock,Flying,6,3,60,60,100,60,100,60
10132,minior_green_meteor,774,3,400,154,900,0,Rock,Flying,6,3,60,60,100,60,100,60
10133,minior_blue_meteor,774,3,400,154,901,0,Rock,Flying,6,3,60,60,100,60,100,60
10134,minior_indigo_meteor,774,3,400,154,902,0,Rock,Flying,6,3,60,60,100,60,100,60
10135,minior_violet_meteor,774,3,400,154,903,0,Rock,Flying,6,3,60,60,100,60,100,60
10136,minior_red,774,3,3,175,904,0,Rock,Flying,6,3,60,100,60,100,60,120
10137,minior_orange,774,3,3,175,905,0,Rock,Flying,6,3,60,100,60,100,60,120
10138,minior_yellow,774,3,3,175,906,0,Rock,Flying,6,3,60,100,60,100,60,120
10139,minior_green,774,3,3,175,907,0,Rock,Flying,6,3,60,100,60,100,60,120
10140,minior_blue,774,3,3,175,908,0,Rock,Flying,6,3,60,100,60,100,60,120
10141,minior_indigo,774,3,3,175,909,0,Rock,Flying,6,3,60,100,60,100,60,120
10142,minior_violet,774,3,3,175,910,0,Rock,Flying,6,3,60,100,60,100,60,120
10143,mimikyu_busted,778,2,7,167,915,0,Ghost,Fairy,8,18,55,90,80,50,105,96
10144,mimikyu_totem_disguised,778,4,28,167,916,0,Ghost,Fairy,8,18,55,90,80,50,105,96
10145,mimikyu_totem_busted,778,4,28,167,917,0,Ghost,Fairy,8,18,55,90,80,50,105,96
10146,kommo_o_totem,784,24,2075,270,924,0,Dragon,Fighting,16,2,75,110,125,100,105,85
10147,magearna_original,801,10,805,120,942,0,Steel,Fairy,9,18,80,95,115,130,115,65
